Büfe Adı,İlçe,Mahalle,Adres,(B)üfe / (S)atış Noktası
Arnavutköy Merkez,ARNAVUTKÖY,Arnavutköy Merkez,Arnavutköy merkez ilkoğretim yanı.Yıldırım Beyazıt cd. ARNAVUTKÖY,B
Boğazköy coşkun büfe,ARNAVUTKÖY,Boğazköy Merkez,Arnavutköy merkez ilkoğretim yanı.Yıldırım beyazıt cd,B
Hadımköy toki büfe,ARNAVUTKÖY,Hadımköy,"Cahit sıtkı tarancı cd,toki çarşı yanı",B
Haraççı büfe,ARNAVUTKÖY,karlıbayır mah.,Rıza bey sk no 7,B
ELÇİ MARKET,ARNAVUTKÖY,,ADNAN MENDERES MAH. AYDIN TUH.SK. NO 3,S
AKGÜL MARKET,ARNAVUTKÖY,ANADOLU MAH,ANADOLU MAH. HÜDA SK.NO 5/A1,S
AKTAŞ GIDA,ARNAVUTKÖY,YAVUZ SELİM MAH,YAVUZ SELİM MAH.TÜRKİYE CAD NO:53-1,S
ASMAR MARKET,ARNAVUTKÖY,YAVUZ SELİM MAH,KIBRIS CD NO 3,S
BAYINDIR SÜPER MARKET,ARNAVUTKÖY,BOĞAZKÖY MERKEZ MAH,FEVZİ ÇAKMAK CD,S
ÇAY MARKET,ARNAVUTKÖY,ÖMERLİ MAH.,TERME SK.KİPTAŞ KONUTLARI ÇARŞI NO 13,S
ÇELİK MEGA MARKET,ARNAVUTKÖY,İSLAMBEY MAH,BOSNA CADDESİ 24/A,S
ÇONTAYLAR SAT.NOK,ARNAVUTKÖY,,İMRAHOR KÖYÜ BARBAROS CAD. NO:14,S
DAŞCİ GIDA,ARNAVUTKÖY,ANADOLU MAH,N. FAZIL CD NO 71/A1,S
DİRHEM GIDA,ARNAVUTKÖY,BOĞAZKÖY,MİLLİ EGEMENLİK CD NO 37,S
EMRE GIDA,ARNAVUTKÖY,ANADOLU MAH.,HÜDA SK.NO 5/A1,S
EMRE HİPERMARKET,ARNAVUTKÖY,HARAÇÇI KARLIBAYIR MAH,3010 CD NO,S
HUZUR KASAP 3,ARNAVUTKÖY,KARLIBAYIR MAH.,KARLIBAYIR MAH.KIZILERİK SK. NO:25,S
MERT GIDA,ARNAVUTKÖY,BOĞAZKÖY İSTİKLAL MAH.,BOĞAZKÖY İSTİKLAL MAH.MİLLİ EGEMENLİK C AD.NO:103A/1 /ARNAVUTKÖY,S
ÖREN MARKET,ARNAVUTKÖY,MUSTAFA KEMALPAŞA MAH.,MUSTAFA KEMALPAŞA MAH. FENER SK. NO:9/1,S
PERMAR GIDA,ARNAVUTKÖY,YAVUZ SELİM MAH.,MEHMET SEVBAN CAD.NO:72/A/ARNAVUTKÖY,S
SARIKAYA MARKET,ARNAVUTKÖY,HİCRET MAH,LİMON ÇİÇEĞİ SK. NO 15,S
SAYGILI GIDA,ARNAVUTKÖY,HASTANE MAH,KORU SK NO 29,S
SOYSAL GIDA,ARNAVUTKÖY,MUSTAFA KEMAL PAŞA MAH.,MUSTAFA KEMAL PAŞA MAH. YÖRE SK. NO:34,S
SÜTÇÜ ALAEDDİN,ARNAVUTKÖY,HARAÇÇI,HARAÇÇI MAH.HADIMKÖY YOLU CAD.NO:28/1,S
YILDIZ MARKET,ARNAVUTKÖY,,PİRİNÇÇİ MAH PİRİNÇÇİ KÖYÜ YOLU SK NO 113,S
ZENGİN MARKET,ARNAVUTKÖY,İMRAHOR KÖYÜ,BARBAROS CAD. NO:14,S
ABDULKADİR KAYA - FETİH BÜFE,ATAŞEHİR,FETİH,FETİH MAH.MAREŞAL FEVZİ ÇAKMAK İLE,B
ADEM DEMİR-ESATPAŞA BÜFE,ATAŞEHİR,ESATPAŞA,ESATPAŞA MAH.ZİYA PAŞA CAD.HACIBEKİR,B
AHMET GÜNER-ATAŞEHİR SU DEPOSU,ATAŞEHİR,KAYIŞDAĞI,KAYIŞDAĞI CADDESİ KIRMIZI SÜMBÜL SOKAK KESİŞİMİ,B
BATANAY BÜFE - NURETTİN ARICI,ATAŞEHİR,ÖRNEK,,B
CANAN TAŞCI-ÖRNEK BÜFE,ATAŞEHİR,ÖRNEK,ÖRNEK MAH.35.CAD. H.REİS İETT DURAĞI YANI,B
DAVUT VARICI-ATAŞEHİR FİDAN BÜFE,ATAŞEHİR,İNÖNÜ,İNÖNÜ MAH.KAİNAT CAD. NO:31/5,B
FATMA DOYMUŞ -FERHATPAŞA BÜFE,ATAŞEHİR,FERHATPAŞA,FERHATPAŞA MAH.MARAŞAL FEVZİ ÇAKMAK CD.İLE 25.SK. KESİŞİMİ,B
FİLİZ ULUÇAY-YEŞİLYAMAÇ BÜFE,ATAŞEHİR,YENİŞEHİR,YENİ ÇAMLICA MAH. TÜRKİŞ BLOKLARI,B
HATİCE AYDIN-ÇİFTLİKYOLU BÜFE,ATAŞEHİR,İÇERENKÖY,KARAMAM ÇİFTLİKYOLU ESTON BLOKLARI YANI,B
KAZIM USTA - KOZYATAĞI METRO BÜFE,ATAŞEHİR,İÇERENKÖY,ATAŞEHİR D100 KARAYOLU CARREFOUR MEVKİİ,B
KEMAL ÇELİK-ATAŞEHİR MERKEZ,ATAŞEHİR,BATI ATAŞEHİR,ATAŞEHİR BULVARI GARDENYA PLAZA ÖNÜ,B
KERİM AKBULUT-KÖŞEM BÜFE,ATAŞEHİR,İÇERENKÖY,İÇERENKÖY MAH.ALANALDI CAD.NO:1/B,B
MENEKŞE AKYOL-TÜRKİŞ MERKEZ BÜFE,ATAŞEHİR,MEVLANA,TÜRKİŞ BLOKLARI 7302.PARSEL ÖNÜ,B
SALAHİDDİN KİMYON-ATAŞEHİR YEDİTEPE,ATAŞEHİR,KAYIŞDAĞI,KAYIŞDAĞI MAH.YAVUZBEY SOKAK GİRİŞİ,B
ŞABAN YILDIRIM - BOSTANCI KÖPRÜ,ATAŞEHİR,İÇERENKÖY,KÜÇÜKBAKKALKÖY MAH. AĞA SOK. 4/5,B
TEVFİK YILDIZ-K.BAKKALKÖY MERKEZ,ATAŞEHİR,KÜÇÜKBAKKALKÖY,TEVFİK FİKRET CAD.KASTELLİ BLOKLARI,B
YAŞAR ÖZEK-MALAZGİRT BÜFE,ATAŞEHİR,MEVLANA,MEVLANA MH. KIBRIS. CD NO:34,B
ZUHNİYE ÖLÇER-KAYIŞDAĞI KAR BÜFE,ATAŞEHİR,İNÖNÜ,KAYIŞDAĞI CAD. KAR SOKAK GİRİŞİ,B
BEZİRGANBAŞI GIDA,ATAŞEHİR,KAYIŞDAĞI MAH.,KAYIŞDAĞI CAD. USLU CAD. NO:90 /10 ATAŞEHİR,S
HASKÖY PEYNİRCİLİK,ATAŞEHİR,BARBAROS MAH.,BARBAROS MAH.MİMARSİNAN CD.NO 101,S
SESA PASTANESİ,ATAŞEHİR,YENİSAHRA MAH.,YENİSAHRA FATİH CAD. NO.27,S
ÜÇLER GIDA,ATAŞEHİR,M.KEMAL MAH.,M.KEMAL MAH.3004 CD.NO 37,S
ÜNLÜ GIDA,ATAŞEHİR,YENİÇAMLICA,YENİ ÇAMLICA MAH SEVİLAY SK.27 A ATAŞEHİR,S
Avcılar Geçit büfe,AVCILAR,Üniversite mah.,Pelikan mall alışveriş merkezi önü e-5 üst geşit altı,B
Avcılar Merkez,AVCILAR,Ambarlı,Avcılar merkez Belediye Meydanı yanı,B
FİRÜZKÖY BÜFE,AVCILAR,FİRÜZKÖY MAH.,FİRÜZKÖY HASAN ÖNAL CD 189 ADA BOŞ ARSA ÖNÜ,B
Gümüşpala,AVCILAR,Gümüşpala,DENİZKÖŞKLERİ MH.ZAFER CD.ÜST GEÇİT ALTI,B
İNSA BÜFE,AVCILAR,AMBARLI MAH.,AMBARLI MH.FEVZİ ÇAKMAK CD.AMBARLI İETT DURAĞI YANI,B
CİHANGİR MARKET,AVCILAR,,CİHANGİR MAH TALATPAŞA CD DAMLA SK,S
EKLER CITY,AVCILAR,MER.MH,NAMIK KEMAL CD. NO.59,S
HANEDAN GIDA,AVCILAR,TAHTAKALE MAH.,ÖZGÜRLÜK SK. NO:12,S
İDEM ET GIDA,AVCILAR,MERKEZ MAH.,AVCILAR METROBÜS DURAĞI ÜST GEÇİT ALTI,S
İKLİM ZEYTİNCİLİK,AVCILAR,ÜNİVERSİTE MAH,İSTİKLAL CD.NO 7,S
KARABACAK MARKET,AVCILAR,TAHTAKALE MAH,YOLUÇ CD. NO 40,S
KISMET GIDA,AVCILAR,FİRÜZKÖY MAH,PLEVNE CDNO 42,S
KIZÇELER MARKET,AVCILAR,FÜRUZKÖY MAH,FÜRUZKÖY MAH YURTSEVEN SK ŞAHİN APT NO:10/B,S
KONUT YAPI ÖZ,AVCILAR,CİHANGİR MH,MEŞRUTİYET CD.DEMİRCİ SK.NO.18,S
MİS MARKET,AVCILAR,DENİZKÖŞKLER MAH,İYİBAŞ SK NO 26,S
OSMANLI MARKET,AVCILAR,YEŞİLKENT MAH,725 SK NO=23/1-A,S
ÖZGÜR MARKET,AVCILAR,DENİZKÖŞKLER MAH.,DENİZKÖŞKLER MAH.SERÇE SK. NO:18/1,S
SAĞLAM AİLE BAKKALİYESİ,AVCILAR,M.KEMAL PAŞA MAH,MAHİR SK NO 66/1,S
TRUVA MARKET,AVCILAR,CİHANGİR MAH.,CİVA CD NO 22,S
YILDIZ SU VE MARKET,AVCILAR,CİHANGİR MH,ÜZENGİ SK NO 24,S
YÜKSEL HALK EKMEK,AVCILAR,GÜMÜŞPALA MAH.,KURUÇEŞME CD KUTLU SK.NO 1,S
AHİ EVREN OKULU BÜFE (E),BAĞCILAR,Evren,istiklal caddesi ahi evren anadolu imamhatip okulu önü,B
BAĞCILAR 1 BÜFE,BAĞCILAR,,100.YIL MAH BARBOROS CD 2142 SK NO 35 YANI,B
BAĞCILAR BÜFE (E),BAĞCILAR,Sancaktepe,1. Sokak,B
DAĞYOLU BÜFE (E),BAĞCILAR,Fevzi Çakmak,osmangazi caddesi dağyolu parkı önü,B
GÜNEŞLİ BÜFE (E),BAĞCILAR,Merkez,cumhuriyet caddesi güneşli merkez camii karşısı,B
HAVUZ BÜFE (E),BAĞCILAR,Kemalpaşa,namık kemal caddesi kemalpaşa semt yüzme havuzu önü,B
HÜRRİYET BÜFE (E),BAĞCILAR,Hürriyet,Emre sokak Hacı Mehmet Camii yanı,B
KİRAZLI BÜFE (E),BAĞCILAR,Yeni,bağcılar asfaltı caddesi 100. yıl kemalpaşa polis karakolu karşısı,B
KURTDERELİ OKUL BÜFE (E),BAĞCILAR,Güneşli,evren caddesi kurtdereli mehmet ortaokulu önü,B
MEDİCANA HOSPİTAL BÜFE (E),BAĞCILAR,Kirazlı,hoca ahmet yesevi caddesi pazaryolu 1. sokak kesişimi,B
NACİ EKŞİ OKUL BÜFE (E),BAĞCILAR,çınar,esenler caddesi dr. kemal naci ekşi anadolu lisesi karşısı,B
ULU CAMİİ BÜFE (E),BAĞCILAR,Yıldıztepe,bağcılar caddesi yeşilbağ ulu camii önü,B
YILDIZTEPE BÜFE (E),BAĞCILAR,Yıldıztepe,Bağcılar caddesi yıldıztepe ilköğretim okulu önü,B
AHMET TOPKAYA-BAYİ (E),BAĞCILAR,YENİ MAH.,DÖKÜMCÜLER CAD.FATİH SİTESİ NO:2,S
AKSU GIDA (E),BAĞCILAR,SANCAKTEPE MAH.,948. SK. NO: 1 A,S
AYLİN DEMİR GIDA (E),BAĞCILAR,KAZIM KARABEKİR MAH.,PAZAROLU CD NO:42/A BAĞCILAR,S
BARIŞ MARKET (E),BAĞCILAR,EVREN MAH.,FEVZİ ÇAKMAK CAD.18.SK.NO:27/C,S
CENGİZHAN GIDA (E),BAĞCILAR,EVREN MAH.,İSTİKLAL CAD. NO: 62/A,S
ÇETİN KALA-GIDA (E),BAĞCILAR,KİRAZLI MAH.,CENGİZ SOK. NO:5,S
ÇİÇEN GIDA (E),BAĞCILAR,YILDIZTEPE MAH.,35/10 SOK.NO:3/A,S
ÇİÇEN MİNİ MARKET (E),BAĞCILAR,YAVUZSELİM MAH.,1047 SOK.NO:32/4,S
DENİZ KURUYEMİŞ (E),BAĞCILAR,İNÖNÜ MAH.,ŞEHİT YILMAZ KAAN CADDESİ NO: 30/1,S
DOĞAN VARAN GIDA (E),BAĞCILAR,ÇINAR MAH.,749. SOK. NO:4/10 BAĞCILAR/İSTANBUL,S
ELİF KURUYEMİŞ (E),BAĞCILAR,K.SİNAN MERKEZ MAH.,MUMCU SOK.ÖZBAYLAR C BLOK 8/16 BAHÇELİEVLER/İSTANBUL,S
EMİR MARKET (E),BAĞCILAR,ÇINAR MAH.,6/1 SK NO:7,S
FAHRİ KARA-BAYİ (E),BAĞCILAR,HÜRRİYET MAH.,MENDERES CAD.34 A,S
GURME MALATYA PAZARI,BAĞCILAR,100 YIL MAH,100 YIL MAH.MUSTAFA KEMAL CAD.NO:17/A,S
GÜLCAN COŞKUN-BAYİİ (E),BAĞCILAR,15 TEMMUZ MAH.,1442. SK. NO:2/1A,S
HACER KAMURAN DEMİRÖZ-BAYİ (E),BAĞCILAR,KİRAZLI MAH.,1128 SOK. 22 A,S
IRMAK MARKET (E),BAĞCILAR,MAHMUTBEY MAH.,KARAOĞLANOĞLU CAD.NO:24/A,S
KARDEŞLER GIDA (E),BAĞCILAR,KİRAZLI MAH.,KİRAZLI MAH. CEVİZLİ SOK. NO:1 OTOPARK İÇİ,S
KÜÇÜKLER MARKET (E),BAĞCILAR,DEMİRKAPI MAH.,BUHARA SOK. NO: 12/B,S
MERCANLAR LOKUM BAYİ (E),BAĞCILAR,FATİH MAH.,CAMİ CAD. 1838. SK. NO.5/A,S
ÖZTÜRK GIDA (E),BAĞCILAR,GÜNEŞLİ MH.,EVREN CAD. YAVUZ SOK. NO:59 BAĞCILAR/İSTANBUL,S
SABAHATTİN ÖNAL-BAYİ (E),BAĞCILAR,ÇINAR MAH.,781. SOK. NO:47/A,S
ÜÇLER MARKET (E),BAĞCILAR,HÜRRİYET MAH.,VİŞNE SOK.NO:17,S
YAMAN UNLU MAMÜLLERİ (E),BAĞCILAR,İNÖNÜ MAH,381. SK. NO.11,S
AKELİF BÜFE (E),BAHÇELİEVLER,Zafer,Okul yolu caddesi halit ziya uşakligil ilkokulu önü,B
BAĞLAR SELGİZ BÜFE (E),BAHÇELİEVLER,Kocasinan,Hastane caddesi ile ordu caddesi kesişimi bahçelievler devlet hastanesi yanı,B
ÇOBANÇEŞME BÜFE (E),BAHÇELİEVLER,Fevzi çakmak,Fatih caddesi ile başgil sokak kesişimi,B
DİLBER BÜFE (E),BAHÇELİEVLER,Zafer,Ahmet yesevi caddesi öğretmenler parkı önü,B
HAZNEDAR BÜFE (E),BAHÇELİEVLER,bahçelievler,bağcılar caddesi haznedar meydan,B
KADİR HAS BÜFE (E),BAHÇELİEVLER,Bahçelievler,"Bahçelievler metrobüs durağı çıkışı, kültür sokak, Kadir has avm önü",B
KAYA BÜFE (E),BAHÇELİEVLER,Hürriyet,Ahmet yesevi caddesi ile güneşli sokak kesişimi,B
KOCASİNAN BÜFE (E),BAHÇELİEVLER,Kocasinan,Mahmutbey caddesi ile söğüt sokak kesişimi,B
KOCASİNAN PARK BÜFE (E),BAHÇELİEVLER,Şirinevler,Şirinevler Fetih Cad. Fetih Park İçi,B
MAHMUTBEY YOLU BÜFE (E),BAHÇELİEVLER,Kocasinan Merkez,Mahmutbey Cad. No:250,B
MASLAK ÇEŞME BÜFE (E),BAHÇELİEVLER,Çoban çeşme,Mithatpaşa caddesi ile can sokak kesişimi park içi,B
MEVLANA 1 BÜFE (E),BAHÇELİEVLER,kocasinan merkez,Ahmet yesevi caddesi mevlana camii yanı,B
SİYAVUŞPAŞA BÜFE (E),BAHÇELİEVLER,Siyavuşpaşa,Barboros caddesi milli egemnelik parkı önü,B
SOĞANLI 1 BÜFE (E),BAHÇELİEVLER,Soğanlı,Mimar sinan caddesi levent kırca parkı üstü,B
SOĞANLI 2 BÜFE (E),BAHÇELİEVLER,Soğanlı,serbaş sokak ile nevruz sokak kesişimi trafo yanı,B
ŞİRİNEVLER 1 BÜFE (E),BAHÇELİEVLER,Şirinevler,Dereboyu caddesi yıldız zöhre camii önü,B
ŞİRİNEVLER 2 BÜFE (E),BAHÇELİEVLER,Şirinevler,Ş Zihni İlk. Öğr. Okulu Yanı Dereyolu Cad. Yeşilyurt Sk.,B
TEMEL BÜFE (E),BAHÇELİEVLER,Şirinevler,Şirinevler Halk Pazarı Önü Barbaros Cad. Zeki Müren Sk.,B
UMUT BÜFE (E),BAHÇELİEVLER,Zafer,Yenibosna Zafer Mah. Cami Sk. Merkez Camii Karşısı,B
ÜÇEVLER CAMİ BÜFE (E),BAHÇELİEVLER,Kocasinan,Mahmutbey caddesi ile üçevler cami sokak kesişimi Üçevler yeni camii önü,B
YAYLA BÜFE (E),BAHÇELİEVLER,Bahçelievler,Fevzi çakmak caddesi iş bankası karşısı,B
YENİBOSNA BÜFE (E),BAHÇELİEVLER,Zafer,Yenibosna Zafer Mah. Gümüş Sk. No: 1-A,B
İNCİ GIDA (E),BAHÇELİEVLER,SOĞANLI MAH.,SANCAKTEPE SK.NO:5/4,S
ADİL EMECEN-BAYİİ (E),BAHÇELİEVLER,CUMHURİYET MAH.,YENER SOK. NO:2/1,S
AKGENÇ GIDA (E),BAHÇELİEVLER,SİYAVUŞPAŞA MAH.,ULUBATLI HASAN CAD.NO:43/A,S
HAZAL GIDA (E),BAHÇELİEVLER,YENİBOSNA MERKEZ MAH,SİTE SOK.NO:3/G,S
RADAR BAYİİ (E),BAHÇELİEVLER,FATİH CAD.,ÇOBANÇEŞME MAH.MUŞTU SOK.NO:113,S
RECEP AKBAYTÜRK-BAYİİ (E),BAHÇELİEVLER,SOĞANLI MAH.,GÜRBÜZ SOK. NO:2/A,S
SELİN GIDA (E),BAHÇELİEVLER,ŞİRİNEVLER MAH.,MEYDANI ÜST GEÇİT YANI,S
SEZAİ ALKIZ-BAYİ (E),BAHÇELİEVLER,SOĞANLI MAH.,ÜLKÜ SK. NO:11 D,S
YILMAZ GIDA (E),BAHÇELİEVLER,SİYAVUŞPAŞA MAH.,MUSTAFA KEMALPAŞA CAD.NEHİR SK.NO:,S
DİKİLİTAŞ BÜFE (E),BAKIRKÖY,Zuhuratbaba,İncirli Caddesi ile yüce tarla caddesi kesişimi,S
İNCİRLİ METRO BÜFE (E),BAKIRKÖY,Osmaniye,İncirli Metro Önü,S
OSMANİYE BÜFE (E),BAKIRKÖY,Osmaniye,Fabrikalar caddesi ile bildik sokak kesişimi,S
RÖNE PARK BÜFE (E),BAKIRKÖY,YEŞİLKÖY,İSTANBUL CAD.RÖNEPARK İÇİ,B
AHMET COŞAR-BAYİ (E),BAKIRKÖY,ZEYTİNLİK MAH.,GENÇLER CAD. KİTAPÇILAR KÖPRÜSÜ YANI NO.1/2,S
İBRAHİM ERDEM-DİLBA GIDA (E),BAKIRKÖY,KARTALTEPE MAH.,KOŞUYOLU CAD. NO.12,S
KALE GIDA (E),BAKIRKÖY,ŞENLİKKÖY MAH.,KIRSERDAR SOK.NO:83/2,S
UYUM GIDA (E),BAKIRKÖY,KARTALTEPE MAH,ÜLKÜ SK NO 11,S
YASİN ERDEM-BAYİ (E),BAKIRKÖY,KARTALTEPE MAH.,AVNİYE SOK. NO.2/1,S
AKİF İNAN BÜFE,BAŞAKŞEHİR,BAŞAKŞEHİR MAH.,ONURKENT MİMAR KEMALETTİN BULVARI 2/1,B
AYAZMA BÜFE,BAŞAKŞEHİR,ZİYA GÖKALP MAH.,,B
Başak 2 büfe,BAŞAKŞEHİR,Başakşehir,1.etap istiklal cd sncak sk köşesi,B
Başak 4 büfe,BAŞAKŞEHİR,Başakşehir,Mevlana celallddin-i rumi cd.l otobüs durağı yanı,B
Başak center büfe,BAŞAKŞEHİR,başak mah.,"yeşilvadi cd,başak center çarşı karşısı",B
Başakşehir 1,BAŞAKŞEHİR,Küçükçekmece Başakşehir,1. Etap İstiklal cd.cihangir.sk.,B
Bayramtepe büfe,BAŞAKŞEHİR,Güvercintepe mah.,Tuna cd gülay sk no 75,B
Fenertepe 1 büfe,BAŞAKŞEHİR,Kayabaşı mah.,Fenertepe 11.bölge camii yanı,B
Fenertepe 2 büfe,BAŞAKŞEHİR,Kayabaşı mah.,Fenertepe 14.bölge orhangazi i.ö.okulu önü,B
Fenertepe 3 büfe,BAŞAKŞEHİR,Kayabaşı mah.,Fenertepe 17.bölge iett durağı yanı,B
Göçmen konutları büfe,BAŞAKŞEHİR,başak mah.,Göçmen konutları cumhuriyet cd,B
Kayaşehir 1 büfe,BAŞAKŞEHİR,Kayabaşı mah.,Rabia cd mer.kayaşehir iett durağı yanı,B
Kayaşehir 2 büfe,BAŞAKŞEHİR,Kayabaşı mah.,"Toki kayabaşı konutları cd, elmas sitesi elmas iett durağı yanı",B
Kayaşehir 3 büfe,BAŞAKŞEHİR,Kayabaşı mah.,Şehit mustafa gencel sk no 3/1,B
Kayaşehir 5 büfe,BAŞAKŞEHİR,Kayabaşı mah.,9.bölge şehit semih balaban cd,B
Onurkent,BAŞAKŞEHİR,Başakşehir,BAŞAKŞEHİR ONURKENT OLİMPA ÇARŞISI KARŞISI,B
SAĞLAM BÜFE,BAŞAKŞEHİR,KAYABAŞI,KAYAŞEHİR MAH. 24. BÖLGE İÇİ GÖKÇEADA CAD. SAAT KULESİ KARŞISI,B
Şahintepe 1 büfe,BAŞAKŞEHİR,Şahintepe mah,şahintepe mah.şafak sk np 6,B
Şahintepe 2 büfe,BAŞAKŞEHİR,Şahintepe mah.,Uğurmumcu cd yalçın sk köşesi,B
ŞAHİNTEPE 3 BÜFE,BAŞAKŞEHİR,ŞAHİNTEPE MAH.,İSTİKLAL CAD.NO:7(ALTINŞEHİR MERKEZ CAMİİ ÖNÜ),B
Vadi center büfe,BAŞAKŞEHİR,başak mah.,4.etap 1.kısım 1259/1 ada karanfil sk girişi,B
VADİTEPE 1 BÜFE,BAŞAKŞEHİR,BAHÇEŞEHİR 1.KISIM MAH,ISPARTAKULE CD.NO:37,B
Yeşilvadi büfe,BAŞAKŞEHİR,başak mah.,"Yeşilvadi bulvarı,deprem konutları önü",B
COŞKUN GIDA,BAŞAKŞEHİR,ZİYA GÖKALP MAH.,ATATÜRK CD.NO 59,S
ENES BEY KASAP,BAŞAKŞEHİR,GÜVERCİNTEPE MAH.,GÜVERCİNTEPE MAH. AHMET YESEVİ CAD.NO:109/A B.ŞEHİR,S
HALK MARKET,BAŞAKŞEHİR,,GÜVERCİNTEPE MAH FATİH CD NO 176,S
İSTANBUL GIDA,BAŞAKŞEHİR,KAYABAŞI MAH.,"Toki kayabaşı konutları cd, 15.bölge iett durağı yanı",S
ONUR GIDA,BAŞAKŞEHİR,ŞAHİNTEPE MAH,KARTAL SK NO 90,S
ÖZDEN PEYNİRCİLİK,BAŞAKŞEHİR,ŞAHİNTEPE MAH,ŞAHİNTEPE MAH.İSTANBUL CAD.NO:238,S
ALTINTEPSİ 1 BÜFE (E),BAYRAMPAŞA,Altıntepsi,Altıntepsi Mh. Ordu Cad. No:4,B
ALTINTEPSİ 2 BÜFE (E),BAYRAMPAŞA,Altıntepsi,Altıntepsi Mh. Sağlık Ocağı Yanı,B
BAYRAMPAŞA 1 BÜFE (E),BAYRAMPAŞA,Ortamahalle,Demirkapı Cad. merkez camii arkası,B
BAYRAMPAŞA STAD BÜFE (E),BAYRAMPAŞA,Altıntepsi,Altıntepsi Mah. Uygur Cad. Spor Kulübü Yanı,B
CEVATPAŞA 1 BÜFE (E),BAYRAMPAŞA,Cevatpaşa,Cevatpaşa Mah. Muhtarlık Yanı,B
KARTALTEPE BÜFE (E),BAYRAMPAŞA,Kartaltepe,Kartaltepe Mah. Fatih Cad. Prof M. Ergün Okulu Önü,B
KINALIADA BÜFE (E),BAYRAMPAŞA,Yıldırım,Yıldırım Mah. Kınalıada Sk. Çıkmazı,B
SAÇU BÜFE (E),BAYRAMPAŞA,Kartaltepe,Kartaltepe Mah. Kültür Sk.,B
SAĞMALCILAR BÜFE (E),BAYRAMPAŞA,İsmet Paşa,İsmet paşa caddesi iett otobüs durağı yanı,B
ŞİFA 2 BÜFE (E),BAYRAMPAŞA,İsmet Paşa,Bayrampaşa devlet hastanesi karşısı kenar sokağı,B
TERAZİDERE BÜFE (E),BAYRAMPAŞA,Terazidere,Davutpaşa Mah. 7. Sk. Ayvalı Dere İlk. Öğr. Okulu Yanı,B
VATAN BÜFE (E),BAYRAMPAŞA,Yenidoğan,Yenidoğan Mah. Çevreyolu Cad. EminÖztürk Parkı Önü,B
YILDIRIM PARK BÜFE (E),BAYRAMPAŞA,Yıldırım,Yıldırım Mah. Yıldırım Parkı,B
BURHAN GÜLABİ-BAYİİ (E),BAYRAMPAŞA,YILDIRIM MAH.,OĞUZ SK.NO:24,S
ERSİNLER ÇİFTLİK GIDA (E),BAYRAMPAŞA,KOCATEPE MAHALLESİ,19. SK. NO: 76 A,S
GİZEM GIDA (E),BAYRAMPAŞA,ALTINTEPSİ MAH.,ÖZKAN CAD. NO:19 B.PAŞA/İSTANBUL,S
KALEMDAR GIDA (E),BAYRAMPAŞA,,MURAT MH. KOSAVA CD. NO:102/A,S
KARACA GIDA (E),BAYRAMPAŞA,MURATPAŞA MAH.,HASANPAŞA SOK.NO:6/A,S
MUHAMMET CAN DÜŞÜNÜR-BAYİ (E),BAYRAMPAŞA,VATAN MAH,BAĞLAR CAD. NO.35/C,S
SADIK GIDA (E),BAYRAMPAŞA,,TUNA CAD.FULYA SOK.NO:68,S
SERVET GIDA (E),BAYRAMPAŞA,KOCATEPE MAH,6.SOK.NO:36,S
SEVENCAN GIDA (E),BAYRAMPAŞA,MURAT MAH,KAMİL CAD.NO:66,S
BOĞAZİÇİ BÜFE (E),BEŞİKTAŞ,,NİSPETİYE CAD.R.HİSAR ÜSTÜ MAH.SOK:4/A,B
LEVENT METRO BÜFE (E),BEŞİKTAŞ,,4.LEVENT METRO ÇIKIŞI,B
ORTAKÖY BÜFE (E),BEŞİKTAŞ,Ortaköy,Ortaköy Mah. Dereboyu Cad. İlk. Öğr Ok. Önü,B
ORTAKÖY CAMİ BÜFE (E),BEŞİKTAŞ,Balmumcu,Dereboyu Cad. İETT Son Durak,B
SAADET YUFKACISI (E),BEŞİKTAŞ,DİKİLİTAŞ MAH.,DİKİLİTAŞ SOK.NO:27/2,S
TERCİHİM DOĞAL ÜRÜNLER (E),BEŞİKTAŞ,DİKİLİTAŞ,YENİDOĞAN SOK.GÜL APR. NO:6,S
ADEM KAVİL-KAVACIK BÜFE,BEYKOZ,KAVACIK,KÜRŞAT CAD.NO.7 BELEDİYE DÜKKANLARI ÖNÜ,B
EMRE ÇIRAK - BEYKOZ PARKI BÜFE,BEYKOZ,ORTAÇEŞME,ORTAÇEŞME ÇAYIR CD. İLE HÜNKAR İSKELESİ,B
GÜLÜMSER ÖZTÜRK-RÜZGARLIBAHÇE,BEYKOZ,RÜZGARLIBAHÇE,ÇAVUŞBAŞI CAD.RÜZGARLI BAHÇE,B
KADRİYE ERGEN ÇAKAR - ÇAVUŞBAŞI,BEYKOZ,ÇİFTLİK,ÇİFTLİK MAH. OSMANGAZİ CAD. ÇAVUŞBAŞI,B
NEBATAT DURMUŞ - CİNDERE BÜFE,BEYKOZ,TOKATKÖY,BURHAN SOKAK NO:4,B
RABİA GENÇ- GÖKSU BÜFE,BEYKOZ,GÖKSU,GÖKSU DEFTERDAR MEHMET BEY İ.Ö.O. KARŞISI,B
RECEP PEHLİVAN-BEYKOZ SOĞUKSU,BEYKOZ,SOĞUKSU,SOĞUKSU CAD. HİZMET BİNASI ÖNÜ,B
TÜRKİ BİNGÖL-ORTAÇEŞME BÜFE,BEYKOZ,ORTAÇEŞME,ORTA ÇEŞME MAH.ORTA ÇEŞME OTOBÜS DURAK,B
YASİN KIR - KAVACIK ÇİFTLİK BÜFE,BEYKOZ,KAVACIK,GÖKSU MAH. MUHTARLIK ÇIK. NO:9/1 BEYKOZ,B
ENSAR GIDA,BEYKOZ,ÇUBUKLU MAH.,ÇUBUKLU MAH.ENGÜRÜ BAĞI CD.NO 18,S
HALİS KURUYEMİŞ,BEYKOZ,ÇUBUKLU MAH.,ÇUBUKLU MAH.NAZIMTUR CD NO 54,S
İSLAMOĞLU GIDA,BEYKOZ,TOKATKÖY MAH,TOKATKÖY MAH.AZİZ CD.NO 29 KARTAL,S
KAHRAMAN MİNİ MARKET,BEYKOZ,GÜMÜŞSUYU MAH.,GÜMÜŞSUYU MAH. ÇEŞMİBÜLBÜL SOKAK NO:34,S
ONÇEŞME GIDA,BEYKOZ,MERKEZ MAH.,ŞAHİNKAYA CD.FEVZİPAŞA CD.NO 1 A,S
YENİ MAHALLE UNLU MAM.,BEYKOZ,YENİ MAHALLE,DR.ÖMER BESİMPAŞA CAD.,S
Adnan Kahveci 1 büfe,BEYLİKDÜZÜ,Adnan Kahveci mah.,Yavuz sultan selim bulvarı mavikent iett durağı yanı,B
Adnan Kahveci 2 büfe,BEYLİKDÜZÜ,Adnan Kahveci mah.,osmanlı cd ile konak cd kesişimi,B
Adnan Kahveci 3 büfe,BEYLİKDÜZÜ,Adnan Kahveci mah.,Yavuz sultan selim bulvarı çiçek bahçe iett durağı yanı,B
ADNAN KAHVECİ 4 BÜFE,BEYLİKDÜZÜ,ADNAN KAHVECİ,ADNAN KAHVECİ MAH.ÇAMLITEPE CAD.ÇAMLIK SİT.YANI,B
Beylikdüzü 1,BEYLİKDÜZÜ,Büyükşehir mah.,Büyükşehir mh. Cumhuriyet cd.Onur market karşısı,B
Beylikdüzü 2,BEYLİKDÜZÜ,Barış mah.,kıbrıs cd iel zafer cd kesişimi haydar aslan i.ö.okulu önü,B
Beylikdüzü Büyükşehir Büfe,BEYLİKDÜZÜ,Büyükşehir mah.,19 MAYIS CD GONCA SK.,B
Beylikdüzü Cumhuriyet Büfe,BEYLİKDÜZÜ,Cumhuriyat mah.,Atatürk bulvarı,B
Beylikdüzü Çiftlik Büfe,BEYLİKDÜZÜ,Barış mah.,Megakent 5.sk,B
Gürpınar büfe,BEYLİKDÜZÜ,Gürpınar Merkez,Gürpınar cd no 60/1 muhtarlık yanı,B
İhlas Marmara Büfe,BEYLİKDÜZÜ,Kavaklı mah.,Yeşilyurt cd. Yaşar cimilli camii yanı,B
Yakuplu 1 Büfe,BEYLİKDÜZÜ,Yakuplu mah.,"Hürriyet bulvarı,liman taksi durağı karşısı",B
Yakuplu 2 Büfe,BEYLİKDÜZÜ,Yakuplu mah.,Kanuni cd 125. yıl imam hatip lisesi yanı,B
ADİL GIDA,BEYLİKDÜZÜ,ADNAN KAHVECİ MAH.,ADNAN KAHVECİ MAH OSMANLI CAD ONUR PALZA KARŞISI,S
DOĞALİSTAN SATIŞ .NOKTASI,BEYLİKDÜZÜ,,İHLAS MARMARA EVLERİ 1 KISIM.ÇARŞISI NO 56,S
EGELİ MARKET,BEYLİKDÜZÜ,GÜRPINAR,KEMAL PAŞA CD NO 18,S
EYKA UNLU MAM. GIDA,BEYLİKDÜZÜ,YAKUPLU MAH,23.SK NO 23,S
GÜVEN AL MARKET,BEYLİKDÜZÜ,YAKUPLU MAH.,ÖZAL CD. 60.SKNO 20,S
KAPTAN GIDA,BEYLİKDÜZÜ,ADNAN KAHVECİ MAH,ADNAN KAHVECİ MAH MİMARSİNAN CAD GÜLAY SK NO:9/19,S
CEMAL KAMACI BÜFE (E),BEYOĞLU,Fetihtepe mah.,FEVZİ ÇAKMAK CAD.FETİHTEPE CAMİİ KAR,B
ÇIKSALIN BÜFE (E),BEYOĞLU,Halıcıoğlu mah,ŞAN SOK.İ.E.T.T.DURAK YANI,B
KALAYCIBAHÇE BÜFE (E),BEYOĞLU,Piri paşa mah.,Şabanderesi sk ile taşkesen sk kesişimi,B
PİYALEPAŞA BÜFE (E),BEYOĞLU,Piyalepaşa mah.,Piyalepaşa Cad. Sultan Sk.,B
RIHTIM BÜFE (E),BEYOĞLU,,KARAKÖY RIHTIM CAD.PARK İÇİ.,B
SÜTLÜCE BÜFE,BEYOĞLU,SÜTLÜCE,İMRAHOR CD.ATMACA SK. GİRİŞİ,B
TAKSİM İLYARDIM BÜFE (E),BEYOĞLU,Cihanagir mah.,Sıraselviler cd.Taksim ilkyardım hastane önü,B
TURABİ BÜFE (E),BEYOĞLU,Bedrettin,Dereboyu caddesi,B
AKBAY GIDA (E),BEYOĞLU,KADIMEHMET MAH.,KADIMEHMET CAD. 78/2,S
ALİ İHSAN AKSOY-BAYİ (E),BEYOĞLU,KEÇECİ PİRİ MAH.,OKMEYDANI CAD. NO:90 A HASKÖY,S
DOĞAN AYDENİZ-BAYİ (E),BEYOĞLU,KADIMEHMET EFENDİ MAH.,İBADULLAH SOK. NO:17 A,S
EDİP NURİ BİLGİÇ-BAYİ (E),BEYOĞLU,KAPTANPAŞA MAH,KULAKSIZ CAD. NO:144,S
ENSAR MARKET (E),BEYOĞLU,KAPTANPAŞA MAH.,YAYA GEÇİDİ SK.NO:6/C-1 BEYOĞLU,S
HALICIOĞLU GIDA (E),BEYOĞLU,,HALICIOĞLU İ.E.T.T.DURAK ARKASI.,S
TÜVLEVA MARKET (E),BEYOĞLU,KEÇECİ PİRİ MAH.,TOYGAR SOK.NO:28/B,S
BATIKÖY BÜFE,BÜYÜKÇEKMECE,BATIKÖY MAH.,BATIKÖY MAH.ÇARMIKLI CD. TEKZEN KARŞISI,B
ÇAKMAKLI BÜFE,BÜYÜKÇEKMECE,ÇAKMAKLI MAH.,ÇAKMAKLI MAH. HADIMKÖY YOLU METRO MARKET YANI.,B
KİPTAŞ TEPECİK BÜFE,BÜYÜKÇEKMECE,TÜRKOBA MAH.,KOOPERATİFLER CD.25/4,B
KUMBURGAZ BÜFE,BÜYÜKÇEKMECE,KUMBURGAZ,KUMBURGAZ MARKEZ MAH.SİLİVRİ CD NO 1,B
Tepecik,BÜYÜKÇEKMECE,Hürriyet,Hürriyet mh.atatürk cd.no:63,B
CELALİYE GIDA,BÜYÜKÇEKMECE,CELALİYE MAH.,ULUDERE CD. NO 18,S
MİMAROBA GIDA,BÜYÜKÇEKMECE,MİMARSİNAN MAH.,ARMAĞAN SK. KÖŞE BAŞI,S
MURAT SAT.NOK.,BÜYÜKÇEKMECE,FATİH MAH,ERDİNÇ ÜSTÜN SK.,S
PALMİYE UNLU MAMÜLLERİ,BÜYÜKÇEKMECE,CUMHURİYET MAH.,KEMENDERE CD.6/35,S
SEÇ MARKET,BÜYÜKÇEKMECE,CUMHURİYET MAH,CUMHURİYET MAH ŞİMŞEK SK NO:167 BÜYÜKÇEKMECE,S
SEHER GIDA,BÜYÜKÇEKMECE,HÜRRİYET MAH.,FEVZİPAŞA CAD. NO:19-A B.ÇEKMECE,S
UMUT GIDA,BÜYÜKÇEKMECE,MURATÇEŞME MAH.,KUBİLAY CD.AKKENT SİT NO 12 / A,S
Çatalca Büfe,ÇATALCA,Ferhatpaşa mah.,Karadeniz cd. Çatalca kaymakamlığı yanı,B
AHMET SEYFİ SOFUOĞLU-Ç.KÖY MİMARSİNAN,ÇEKMEKÖY,MİMARSİNAN,MİMAR SİNAN CAD.OKUL SOK.REFAH CAMİİ YANI,B
FİKRET ÖLMEZ-Ç.KÖY BARIŞYOLU,ÇEKMEKÖY,HAMİDİYE,HAMİDİYE MAH.BARIŞ YOLU CAD.ÖĞRETMENLER SİTE İETT DURAK YANI,B
HALİL EKŞİ-KIBRIS BÜFE,ÇEKMEKÖY,GÜNGÖREN,GÜNGÖREN MAH.KIBRIS CAD. R.MİHRİBAN BEDESTEN,B
MURAT BAĞDATLI-TAŞDELEN 19 MAYIS,ÇEKMEKÖY,SULTANÇİFTLİĞİ,TAŞDELEN ATATÜRK CAD. 19 MAYIS CAD. KESİŞİMİ SULTAN ÇİFTLİĞİ İ.Ö.O ÖNÜ,B
ORHAN ARSLAN - SAİD-İ NURSİ BÜFE,ÇEKMEKÖY,HAMİDİYE,HAMİDİYE MAH.ULUBATLI HASAN CAD.PARADİSE SİTESİ,B
OYA IRMAK - SOĞUKPINAR BÜFE,ÇEKMEKÖY,SOĞUKPINAR,SOĞUKPINAR MAH.PAŞAZADE SOK. NO:28,B
SONGÜL ÇAKIR-DEMOKRASİ BÜFE,ÇEKMEKÖY,AYDINLAR,AYDINLAR MAH.SULTANGAZİ CAD. NO:69/1,B
ÇAMLIK ÖZEL MAH.,ÇEKMEKÖY,ÇAMLIK MAH.,ÇAMLIK MAH.PARLAR CAD. NO.26.A/1,S
İMAMOĞLU GIDA,ÇEKMEKÖY,M.AKİF MAH.,M.AKİF MAH. ÇOŞKUN SK.NO 11 B 2,S
KARAGÖZ GIDA,ÇEKMEKÖY,MERKEZ,MERKEZ MAH. KEÇİAĞILI CAD.NO:29/1,S
KISMET GIDA,ÇEKMEKÖY,HAMİDİYE MAH.,HAMİDİYE MAH.BAŞ ÖĞRETMEN CAD. NO.82/A,S
KÖŞEM GIDA,ÇEKMEKÖY,M.AKİF MAH.,M.AKİF MAH. ZEMBİL SOK. NO.14/A,S
ŞAHİN MARKET,ÇEKMEKÖY,M AKİF MAH,M.AKİF MAH.CUMHURİYET CD.COŞKUN SK.NO 17,S
VURALKENT ÖZEL BÜFE,ÇEKMEKÖY,MİMARSİNAN MAH.,MİMARSİNAN MAH.MİMARSİNAN CAD. VURALKENT SİTESİ,S
YILDIZ GIDA,ÇEKMEKÖY,KİRAZLIDERE MAH.,KİRAZLIDERE MAH.F.ÇAKMAK CAD OYA SOK NO.14,S
BİNGÖL BÜFE,ESENLER,TURGUT REİS MAH.,489.SOK.NO:23,B
ÇİNÇİNDERESİ BÜFE,ESENLER,T.REİS MAH.,455 SOK.,B
DAŞDEMİR BÜFE (E),ESENLER,Menderes,328 sokak menderes ortaokulu önü,B
DÖRTYOL BÜFE (E),ESENLER,Nine Hatun,kemal hatipoğlu caddesi dr. kadir topbaş kültür merkezi karşısı,B
ESENLER UMUT BÜFE,ESENLER,TURGUT REİS MAH.,ÇENGEL CAD.NO:28,B
HACILAR BÜFE (E),ESENLER,Kemer,901. sokak,B
HAKKI BAŞAR BÜFE (E),ESENLER,Tuna,273. sokak hakkı başar spor kompleksi yanı,B
KARABAYIR BÜFE (E),ESENLER,Karabayır,şht. cengiz karcıoğlu caddesi ile tuna caddesi kesişimi,B
MENDERES BÜFE (E),ESENLER,Kazım Karabekir,Endülüs caddesi ile 833 sokak kesişimi kazım karabekir mahalle muhtarlığı önü,B
MURAT BÜFE (E),ESENLER,Havaalanı,Gözlem sokak,B
SARI BÜFE (E),ESENLER,Havaalanı,Ferman caddesi uhud camii önü,B
TOLGA BÜFE (E),ESENLER,Davutpaşa,45.sokak no:6 esenler mesleki ve teknik anadolu lisesi yanı,B
TURGUT REİS BÜFE,ESENLER,TURGUT REİS MAH.,OKUL CAMİ SOK.İ.PAŞA İLKÖĞRETİM OKULU ARKASI,B
TURGUT REİS CAMİİ BÜFE,ESENLER,HAVAALANI MAH.,ANADOLU CAD.NO:108,B
VATANDAŞ BÜFE (E),ESENLER,Kemer,913 sokak,B
YETMİŞİKİ BÜFE (E),ESENLER,Fatih,aksaray caddsei müslüm duraş camii karşısı,B
YÜZYIL BÜFE,ESENLER,,KARADENİZ CAD.NO:33 ESGEV BİNASI YANI,B
AHSEN REYYAN UNLU MAM.,ESENLER,100.MAH,2211 SK NO 93,S
AYDAŞLAR GIDA,ESENLER,ORUÇ REİS MAH,TEPE CD NO 34,S
BAŞAK MARKET,ESENLER,,ORUÇREİS MAH.TOPTAŞ SOK.NO:3,S
BAYRAMLAR GIDA (E),ESENLER,DAVUTPAŞA MAH.,ATATÜRK CAD.NO:38,S
BERKE GIDA (E),ESENLER,BİRLİH MAH.,865 SOK.NO:32/A ESENLER/İSTANBUL,S
ESENLER SON DURAK GIDA (E),ESENLER,K.KARABEKİR MAH.,M.AKİF ERSOY CAD.NO:14/C,S
GÜN ÇEREZ MARKET,ESENLER,T.REİS MAH.,ŞEHİT ALİ KARAHAN CD.116 A,S
HALİL GÜNER (E),ESENLER,,NENEHATUN MAH.2.CAD.NO : 19,S
HALİL GÜNER GIDA (E),ESENLER,NENE HATUN MAH.,2.CAD.NO : 19,S
HAS GIDA (E),ESENLER,HAVAALANI MAH.,GARANTİ CAD.NO:22/3,S
KARAKAYA GIDA (E),ESENLER,BİRLİK MAH.,"KAZIM KARABEKİR CD,KAZIM KARABEKİR İMAM HATİP KARŞISI",S
KURUÇAY GIDA (E),ESENLER,NENE HATUN MAH.,HORASAN CD NO 3,S
MAHMUTBEY GIDA (E),ESENLER,TUNA MH.,MAHMUTBEY CD.NO.2 GAZİ,S
MULHAN MARKET,ESENLER,100.YIL MAH,KIŞLA CD 2159 SK NO 70,S
NİHAT BAYRAMLAR - BAYİİ (E),ESENLER,DAVUTPAŞA MAH.,ATATÜRK CAD.NO:38,S
OSMANLI GIDA (E),ESENLER,MENDERES MAH.,312 SOK.11/A ESENLER/İSTANBUL,S
SAYILGAN MARKET,ESENLER,,ORUÇ REİS MAH.AYDIN CAD.596.SOK.NO:2,S
SERCAN GIDA (E),ESENLER,NENE HATUN MAH.,7. CAD. NO:13/A ESENLER/İSTANBUL,S
TAŞKIN GIDA,ESENLER,,ORUÇREİS MAH.ALBAYRAK CAD.NO:5,S
UYUMLU MARKET,ESENLER,T.REİS MAH,Ş.ALİ KARAHAN CAD.NO:58/A,S
YAKUP GIDA (E),ESENLER,DAVUTPAŞA MAH,65.SOK.NO:28/3,S
YILDIRIM GIDA (E),ESENLER,KAZIM KARABEKİR MAH,1056 SOK.NO:37/A,S
YÜKSEL GIDA (E),ESENLER,BİRLİK MAH.,KARAOĞLANOĞLU CAD.73 A,S
Abdi İpekçi Büfe,ESENYURT,Nmık kemal mah.,Abdi ipekçi cd no 51/A,B
Bağlarçeşme,ESENYURT,Esenyurt Merkez,Örnek mh.köprü sk.no:25,B
Beylikdüzü Beko Metrobüs Büfe,ESENYURT,Cumhuriyet MAH.,E 5 karayolu beko hadımköy metrobüs üst geşit altı,B
Beylikdüzü Metrobüs Büfe,ESENYURT,Cumhuriyat mah.,E 5 karayolu iett tatiya durağı marmara park önü,B
Esenkent 2 Büfe,ESENYURT,Esenkent mah.,Talatpaşa cd yeşilırmak sk köşesi,B
Esenkent Büfe,ESENYURT,Esenkent mah.,Süleyman Demirel cd. Rırat ılgaz Tiyatrosu karşısı,B
Esenyurt Camii,ESENYURT,Örnek,Ahmet Ali Cad. 1410. Sk. Kesişim Yeri,B
Esenyurt İnönü Büfe,ESENYURT,Yenikent,İnönü mh.balık yolu cd.kız kuran kursu yanı,B
Güzelyurt 1 Büfe,ESENYURT,Güzelyurt mah.,Yıldırım Beyazıt cd.,B
Güzelyurt 2 Büfe,ESENYURT,Güzelyurt,Güzelyurt mah muhtarlık önü,B
Güzelyurt 3 Büfe,ESENYURT,Cumhuriyet mah.,Cumhuriyet cd ile 1993 sk kesişimi park içi,B
İncirtepe 1 Büfe,ESENYURT,İncirtepe mah.,İncirtepe mh. Kemalpaşa cd.no:41,B
İnnovya 1 Büfe,ESENYURT,Cumhuriyat mah.,Cumhuriyet cd.1985 SK no 4 (SGK) karşısı,B
İnnovya 2 Büfe,ESENYURT,Cumhuriyat mah.,İnnovya 1 evleri karşısı,B
Kıraç 1,ESENYURT,Kıraç Merkez,Merkez mh.papatya cd menekşe sk.no:51,B
Kıraç 2,ESENYURT,Kıraç Merkez,Cumhuriyet Cad. Okul Sk.,B
KIRAÇ İSTİKLAL BÜFE,ESENYURT,İSTİKLAL MAH,MEŞRUTİYET CD ESENYURT BLD,B
Mehterçeşme Büfe,ESENYURT,Mehterçeşme mah,Bağdat cd mehterçeşme mah muhtarlığı önü,B
Yenikent 1,ESENYURT,Ardıçlı mah. mah.,Atatürk cd 2968 ada 3 parsel,B
YENİKENT 2 BÜFE,ESENYURT,ARDIÇLI MAH.,ISPARTAKULE CAD.NO:57/ESENYURT,B
AKDAĞ MARKET,ESENYURT,ÖRNEK MH.,1357 SOK NO:24 ESENYURT,S
BİZİM MARKET,ESENYURT,YENİKENT MAH,685 SK NO 7/A,S
DOST EKMEK BAYİİ,ESENYURT,FATİH MAH,947.SK NO6,S
FATİH GIDA,ESENYURT,FATİH MH.,PAZARYOLU CD.RIFAT ILGAZ İ.Ö.OKULU ÖNÜ,S
GÜNDÜZ MARKET,ESENYURT,MEHTERÇEŞME MH.,UFUK CD.1926.SK.NO:10 ESENYURT,S
İNCİRTEPE 2 GIDA,ESENYURT,İNCİRTEPE MAH.,AŞIK MAHSUNİ ŞERİF CAD. 4. ETAP KİPTAŞ KONUTLARI,S
KARAASLAN GIDA,ESENYURT,TURGUT ÖZAL MAH,23.SK NO 2,S
KILIÇ MARKET,ESENYURT,NECİP FAZIL KISAKÜREK MAH.,NECİP FAZIL KISAKÜREK MAH. KILIÇ SK NO:37/A,S
KÖYLÜMM GIDA,ESENYURT,NECİP FAZIL KISAKÜREK MAH.,NECİP FAZIL KISAKÜREK MAH. GAZİ CAD. NO:122/A ESENYURT,S
KÖYLÜMM GIDA,ESENYURT,NECİP FAZIL KISAKÜREK MAH.,NECİP FAZIL KISAKÜREK MAH. GAZİ CAD. NO:122/A ESENYURT,S
LADES UNLU MAM.,ESENYURT,Boğazköy Cd.,Başakşehir Doğa Sit. D Girişi,S
MURAT MARKET,ESENYURT,ATATÜRK MH,YUNUS EMRE CD NO 33,S
OKMAR 2 GIDA,ESENYURT,PINAR MH.,YAŞAR KEMAL CD.1249 SK.NO 40,S
OZANLAR GIDA,ESENYURT,YENİKENT MH.,OZANLAR CD.FAHİR İLKEL İ.Ö.OKULU YANI,S
ÖRNEK 1 GIDA,ESENYURT,ÖRNEK MH,1462 SK NO 16 / A ESENYURT,S
ÖZDEMİR GIDA,ESENYURT,SAADETDERE MAH.,87.SK. NO 24/2,S
RODİ 2 GIDA,ESENYURT,YEŞİLKENT MAH,BALIKYOLU CD NO 62,S
TONGUÇ BABA GIDA,ESENYURT,TURGUT ÖZAL MAH.,TONGUÇ BABA CD. 2618 ADA 7 PARSEL,S
YILDIZ GIDA,ESENYURT,SULTANİYE MAH,656.SK NO 2,S
Akşemsettin Durak,EYÜP,Akşemseddin,Akşemsettin Mah. Cengiztopel Cd. Girişi Park Yanı,B
Alçın,EYÜP,Mimar Sinan Paşa,Kemerburgaz Cengiz Topel Cd.No.42 Kemerburgaz,B
Alibeyköy Büfe,EYÜP,Karadolap,Alibeyköy Merkez Mh. Vardaf Bulvarı,B
BÖLGE PARK BÜFE,EYÜP,Yeşilpınar mah,Çiçeksuyu cd ile budak sk kesişimi,B
ÇİÇEKSUYU BÜFE,EYÜP,,YEŞİLPINAR MAH.ÇOŞKUN SOK.HZ.ALİ CAMİ,B
DİDEM BÜFE,EYÜP,,ÇIRÇIR MAH.KESTANE SOK.,B
EDİRNE KAPI FABRİKA BÜFE (E),EYÜP,Defterdar mah.,Savaklar Cad.,B
ESENTEPE BÜFE (E),EYÜP,Esentepe mah.,Alibeyköy Cad. uçak sk köşesi,B
EYTAŞ KARADOLAP BÜFE,EYÜP,,KARADOLAP MAH.ALİBEYKÖY İLKÖĞRETİM,B
EYÜP MERKEZ BÜFE (E),EYÜP,İslambey mah.,Bağ çıkmazı sk.,B
EYÜP SULTAN BÜFE (E),EYÜP,,TAHTA MİNARE CAD.İ.E.T.T. DURAĞI YANI,B
GİRNE BÜFE,EYÜP,YEŞİLPINAR MAH,GİRNE SK İETT SON DURAK KARŞISI,B
GÜZELTEPE BÜFE,EYÜP,Güzeltepe mah,GÜZELTEPE MAH.ARDIÇ SOK.OTOBÜS DURAĞI,B
GÜZELTEPE MEYDAN BÜFE,EYÜP,güzeltepe mah,AVCI SOK.İ.E.T.T.AMİRLİĞİ,B
KARADOLAP 2 BÜFE,EYÜP,,KARADOLAP MAH.VEYSEL KARANİ CAD.,B
NİŞANCA 2 BÜFE (E),EYÜP,Nişanca MAH.,Nişanca Mustafa Cad.,B
NURTEPE BÜFE,EYÜP,Güzeltepe mah,SOKULLU CAD.A.ETHEM ÖKTEM OKULU İETT.,B
PİYERLOTİ BÜFE (E),EYÜP,Pazariçi mah.,İdris köşkü cd ile ağaçlı sk kesişimi,B
RAMİ BÜFE (E),EYÜP,Rami Cuma Mah.,Talimhane Cad.Köşesi,B
REYHANİM BÜFE (E),EYÜP,Silahtar ağa mah.,Karadeniz cd tansaş yanı,B
ŞEHİTLİK BÜFE (E),EYÜP,Defterdar mah.,Edirnekapı Rami Cad. Şehitlik,B
TANTAVİ BÜFE (E),EYÜP,Rami yeni mah.,TANTAVİ CAMİİ ÖNÜ.,B
TOPÇULAR BÜFE (E),EYÜP,,ŞEYH RAŞİT CAD.TOPÇULAR İLKÖĞRETİM,B
VEYSEL KARANİ BÜFE,EYÜP,Yeşilpınar mah,Cengiz topel cd,B
YENİ YEŞİLPINAR BÜFE,EYÜP,,YEŞİLPINAR MAH.GİRNE CAD.MÜNÜBÜS,B
YEŞİLPINAR BÜFE,EYÜP,,YEŞİLPINAR MAH.GİRNE CAD.ESKİ MUHTARLIK,B
GÜLER MARKET,EYÜP,EMNİYETTEPE MAH,M FEVZİ ÇAKMAK CD NO 18,S
ESMA CAN BAYİİ (E),EYÜP,DÜĞMECİLER MAH. DÜĞMECİLER CAD. NO.33/C,DÜĞMACİLER MAH. DÜĞMECİLER CAD. NO.33/C,S
GAMZE GIDA,EYÜP,KARADOLAP MAH,KARADOLAP MAH DERMAN SK NO:30,S
İHSAN GIDA,EYÜP,AKŞEMSETTİN MAH,AKŞEMSETTİN MAH.ÖZEN SK.NO:17-B,S
İNCİ MARKET,EYÜP,KARADOLAP,KARADOLAP MAH.ABUHAYAT CAD.NO:44-46A2,S
KANIK MARKET,EYÜP,EMNİYETTEPE MAH,EMNİYETTEPE MAH. MAREŞAL F. ÇAKMAK CD. NO 52/54B EYÜPSULTAN,S
KÖYÜM GIDA,EYÜP,GÖKTÜRK MER.MAH,ÇAMLIK CD.NO 32 EYÜP İSTANBUL,S
SAVAŞÇI MARKET,EYÜP,GÜZELTEPE MAH,SOKULLU CAD.,S
SELHA GIDA,EYÜP,İSLAMBEY MAH.,FAHRİ KORUTÜRK CAD. NO:27,S
ALİ PAŞA BÜFE,FATİH,Seyitömer mah.,Hekimoğlu ali paşa cd,B
CAMCI YOKUŞU BÜFE,FATİH,,SARA AĞA CAD.HASAN FEHMİ PAŞA SOK.NO:1,B
CERRAHPAŞA BÜFE,FATİH,,CERRAHPAŞA CAD.OTOBÜS DURAĞI ARKASI,B
ÇARŞAMBA DURAK BÜFE,FATİH,Koca Dede,Kocadede Mah. Darülşafaka Cd. Kız Meslek Lisesi Önü,B
DERVİŞ ALİ BÜFE,FATİH,Devirşali mah.,Sena park içi,B
DRAMAN BÜFE,FATİH,Derviş Ali,Derviş Ali Mah. Draman Cd. Otobüs Durağı Yanı,B
EMİNÖNÜ MEYDAN BÜFE,FATİH,,RAGIP GÜMÜŞPALA CAD.İ.E.T.T.OTO.DUR.,B
GELENBEVİ BÜFE,FATİH,Sinanağa,Haydar Mah. Karadeniz Cad. No:12,B
HACIPİRİ BÜFE,FATİH,Hacı Evhaddin mah.,Küçükefendi Sk. No:7,B
HALİÇ BÜFE,FATİH,,HALİÇ CAD.K.M.PAŞA MUHTARLIK YANI,B
HIRKAYI ŞERİF BÜFE (E),FATİH,Muhtesip iskender mah.,MÜTERCİM ASIM CAD.MUNZIR SOK.KOYUNBABA PARKI KARŞ.,B
KARAGÜMRÜK MEYDAN BÜFE,FATİH,Keçeci karabaş mah.,Meydan sk no 1,B
KIZILELMA BÜFE,FATİH,Nevbahar mah.,Fındıkzade Üst Geçit altı,B
KOCAMUSTAFA PAŞA BÜFE (E),FATİH,Arabacı Beyazıt,Kocamustafa Paşa Meydan Otobüs Durağı Önü,B
MURAT MOLLA BÜFE,FATİH,Tevkii Cafer,M Molla Cad. Merkez Mehmetpaşa Yokuşu 6/1 Vefa,B
ODABAŞI BÜFE,FATİH,İbrahim Çavuş,İbrahim Çavuş Mah. Vezir Cad. Odabaşı Meydanı Şehremini,B
SİRKECİ BÜFE,FATİH,Hocapaşa,Ankara Cad. Eminönü Sirkeci,B
SURİÇİ BÜFE,FATİH,,TOPKAPI CAD.ARABACI BEYAZIT AĞA CAMİİ ÖNÜ,B
SÜMBÜLEFENDİ BÜFE,FATİH,Ali Fakih,Kocamustafapaşa Mah. KMP Meydanı Medrese Sk.,B
ŞEHREMİNİ İÇ BÜFE,FATİH,Ereğli,Şehremini Mah. Küçüksaray Meydanı,B
TÜRBE BÜFE,FATİH,Seyit Ömer,Seyit Ömer Mah. Küçük Altınmermert Cad. Hamam Meydanı,B
TÜRKELİ BÜFE,FATİH,Nişanca mah.,Kenanbey sk,B
UFİ BÜFE,FATİH,,AKSARAY MİLLET CAD.YUSUFPAŞA ZİRAAT BANK,B
VEFA STAD BÜFE,FATİH,Kariye,Fevzipaşa Cad. Vefa Stad Yanı,B
VEZNECİLER BÜFE,FATİH,,BOZDOĞAN KEMERİ CAD.,B
YEDİKULE BÜFE,FATİH,Koacamustafapaşa mah.,Nafız gürman cd,B
YEDİKULE YUSUF BÜFE,FATİH,İmrahor mah.,Yedikule meyfdan,B
YENİ KAPI BÜFE,FATİH,AKSARAY MAHALLESİ,GAZİ MUSTAFA KEMAL CADDESİ YENİ KAPI MARMARAY GİRİŞİ,B
CENGİZLER GIDA,FATİH,K.M.PAŞA MAH.,HACI KADIN CD. YENİ KEMANCI SİTELERİ SK .NO: 16,S
KADIÇEŞME GIDA,FATİH,SİNANAĞA MAH.,İHVAN SOK. KADIÇEŞME PARKI YANI,S
KANTARCILAR GIDA,FATİH,,RAGIP GÜMÜŞPALA CAD.KANTARCILAR CAMİ YANI PARK ÖNÜ.,S
KUTLU GIDA,FATİH,HIRKA-İ ŞERİF MAH.,ARPA EMNİ KÖPRÜSÜ SOK.NO:15,S
MERT GIDA,FATİH,SİLİVRİKAPI MAH.,SEMT İLK MEKTEP SOK.72 A,S
ORUÇGAZİ GIDA,FATİH,,ATATÜRK BULVARI ORUÇGAZİ İLKÖĞRETİM OKULU YANI,S
ÖZEN GIDA,FATİH,AYVANSARAY MAH.,ESNAF LONCA NO:23/FATİH,S
SEDAT YENİDOĞAN-BAYİ,FATİH,İSKENDERPAŞA MAH.,ÇİFTEKUMRULAR SOK.NO:1/A,S
SEFEROĞLU GIDA,FATİH,HIRKAİ ŞERİF MAH.,ZEMBİLCİ SOK. NO:40/B,S
SELAM MARKET GIDA,FATİH,AKŞEMSETTİN MAH.,FEVZİ PAŞA CAD.NAİM OKTAY SOK.NO:4,S
YELİZ GIDA,FATİH,AVCIBEY MAH.,PAŞAHAMAM CAD.NO:59/FATİH,S
B.H.PAŞA 1 BÜFE,GAZİOSMANPAŞA,B.H.PAŞA MAH.,1058 SOK.,B
B.H.PAŞA 2 BÜFE,GAZİOSMANPAŞA,B.H.PAŞA MAH.,GENERAL ALDOĞAN CAD.NO:102,B
B.H.PAŞA 3 BÜFE,GAZİOSMANPAŞA,B.H.PAŞA MAH.,1041.SOK.NO:8,B
BAĞLAR BÜFE (E),GAZİOSMANPAŞA,Bağlarbaşı,Bağlarbaşı Mah. Bağlarbaşı Cd.,B
BARIŞ 1 BÜFE,GAZİOSMANPAŞA,KAZIM KARABEKİR MAH.,839.SOK.,B
ÇİĞDEM BÜFE (E),GAZİOSMANPAŞA,Bağlarbaşı,Bağlarbaşı Mh. Kavaklıdere Sk.,B
ERTUĞRUL GAZİ CAMİ BÜFE (E),GAZİOSMANPAŞA,Bağlarbaşı mah.,Su çiçeği sk,B
G.O.PAŞA MEYDAN BÜFE (E),GAZİOSMANPAŞA,,CUMHURİYET MEYDANI MERKEZ CAMİİ YANI,B
KARADENİZ 1 B,GAZİOSMANPAŞA,KARADENİZ MAH.,M.AKİF ERSOY CAD.NO:9,B
KARADENİZ 2 BÜF,GAZİOSMANPAŞA,KARADENİZ MAH.,M.AKİF ERSOY CAD.,B
KARADENİZ 3 BÜFE,GAZİOSMANPAŞA,KARADENİZ MAH,MENDERES CAD.1136.SOK.,B
KARAYOLLARI 1 BÜFE,GAZİOSMANPAŞA,KARAYOLLARI MAH.,OSMANBEY CAD.,B
KARLITEPE BÜFE (E),GAZİOSMANPAŞA,Yıldız Tabya,Karlıtepe Mah. Akgün Sk. No:1,B
Kazım Karabekir,GAZİOSMANPAŞA,Fevzi Çakmak,,B
Küçükköy,GAZİOSMANPAŞA,Yeni Mahalle,Yeni Mah. 516 Sk. No:11,B
KÜÇÜKKÖY MEYDAN BÜFE,GAZİOSMANPAŞA,,YENİ MAH.MUSTAFA GÜMÜŞ PARKI İÇİ.,B
KÜÇÜKKÖY YENİ BÜFE,GAZİOSMANPAŞA,YENİ MAH,541.SOK.PAŞA MAH.CAMİİ YANI,B
MEVLANA 2 BÜFE,GAZİOSMANPAŞA,MEVLANA MAH,MEVLANA MAH. İMAMHATİP LİSESİ CD. İLE 911 SK. KESİŞİMİ TRAFO YANI,B
Paşaçayırı,GAZİOSMANPAŞA,Hürriyet,Hurriyet Mah. Paşaçayırı Cad. No:4,B
PAZARİÇİ BÜFE (E),GAZİOSMANPAŞA,Karlıtepe mah.,Temiz sk,B
PROF YAŞARGİL BÜFE,GAZİOSMANPAŞA,KAZIM KARABEKİR MAH.,912.SOK.,B
SARIGÖL 1 BÜFE (E),GAZİOSMANPAŞA,Sarıgöl,Sarıgöl Mah. Ordu Cad. Okul Sk.,B
ŞEMSİPAŞA BÜFE,GAZİOSMANPAŞA,ŞEMSİPAŞA MAH.,G.O.PAŞA CAD.NO:28,B
VALİDESUYU BÜFE,GAZİOSMANPAŞA,FEVZİÇAKMAK MAH.,VALİDE SUYU CD. NO: 16 / A 780 SK.GİRİŞİ,B
YAMAN BÜFE,GAZİOSMANPAŞA,FEVZİ ÇAKMAK MAH.,774.SOK.NO:23,B
Yeni Hürriyet,GAZİOSMANPAŞA,Hürriyet,Hürriyet Mah. Şakir Zümre Cad. Trafo Yanı,B
YENİDOĞAN BÜFE (E),GAZİOSMANPAŞA,Yenidoğan,Yenidoğan Mah. Ordu Cad. No:107,B
Yeşilpınar,GAZİOSMANPAŞA,Kazım Karabekir,Yeşilpınar Mah. Girne Cad. Eski Muhtarlık Önü,B
YILDIZTABYA 1 BÜFE (E),GAZİOSMANPAŞA,Yıldız Tabya,Yıldız Tabya Mah. 2. Sk. Girişi,B
YUSUF BÜFE (E),GAZİOSMANPAŞA,Merkez,Çukurçeşme Cad. Ahmet Davutoğlu Parkı,B
AHMET SADIÇ YÜKSEL-ABLAMIN YERİ (E),GAZİOSMANPAŞA,MERKEZ MAH.,SOKULLU MEHMET PAŞA CAD. NO:63/D,S
AKGÜL GIDA,GAZİOSMANPAŞA,,KARAYOLLARI MAH. FATİH CAD. NO:83,S
ASKER ŞİT MARKET,GAZİOSMANPAŞA,KARAYOLLARI MAH,GALAERİ CD NO 101,S
BALIM ÇEREZ,GAZİOSMANPAŞA,B.H.PAŞA MAH.,İNÖNÜ CD.NO 47,S
GÜLER GIDA (E),GAZİOSMANPAŞA,YENİDOĞAN MAH.,SAYAOCAĞI CAD.NO: 50,S
İKİZLER MARKET,GAZİOSMANPAŞA,,KARADENİZ MH. 1147 SK. NO:55,S
KARDEŞLER GIDA,GAZİOSMANPAŞA,ŞEMSİPAŞA MAH.,MARAŞ CAD. NO:24,S
KISMET GIDA,GAZİOSMANPAŞA,YENİ MAH.,602.NO 21,S
MURAT MİNİ MARKET (E),GAZİOSMANPAŞA,KARLITEPE MAH.,KARLITEPE SOK. GÜNEREN APR. NO:7/C GAZİOSMANPAŞA/İSTANBUL,S
NURPAŞ MARKET,GAZİOSMANPAŞA,KARADENİZ MAH.,MEHMET AKİF ERSOY CAD.1158 SK.NO:103,S
OZAN KURUYEMİŞ,GAZİOSMANPAŞA,BARABOROS HATRETTİN PAŞA MAH.,1015 SK.NO 39,S
ÖZER LOJİSTİK TEM.HİZ.İNŞ.GIDA,GAZİOSMANPAŞA,,MEVLANA MAH. 836 SOK. NO:42/A,S
ÖZGÜR GIDA,GAZİOSMANPAŞA,YENİ MAH.,587 SK NO 13,S
SAVAŞÇI MARKET,GAZİOSMANPAŞA,,KARAYOLLARI MAH. 561/2 SOK. 1/ZEM,S
TORAMAN GIDA,GAZİOSMANPAŞA,,MERKEZ MAH. 6.BAĞLAR SOK. NO:8,S
UĞUR GIDA,GAZİOSMANPAŞA,,MARMARA CD. NO:21 SARIGÖL,S
VEFALI HİPERMARKET,GAZİOSMANPAŞA,KARAYOLLARI MAH.,648 SK NO 61,S
YEŞİLYURT MARKET,GAZİOSMANPAŞA,MEVLANA MAH.,910 SOKAK NO: 5-A,S
YIKICI GIDA,GAZİOSMANPAŞA,B.H.PAŞA MAH.,1026.SOK.,S
KÖY İÇİ BÜFE,GÜNGÖREN,Merkez,Merkez Mah. GOP Cad. Trafo Önü,B
MERTER 3 BÜFE,GÜNGÖREN,Abdurrahman Nafiz Gürman,Merter A Nafız Gürman Mh. Poyrazlı Sk. Veysel Karani Camii,B
MERTER METRO BÜFE,GÜNGÖREN,,MERTER KUZEY YANYOL ÜZERİ METRO İSTASYONU GİRİŞİ,B
TOZKOPARAN BÜFE,GÜNGÖREN,Tozkoparan mah.,Cevat akalın cd.Uhud camii önü,B
AHSEN KURUYEMİŞ,GÜNGÖREN,GÜNEŞTEPE MAH.,KUTLU SOK.16/1,S
AKİDE GIDA,GÜNGÖREN,MAREŞAL ÇAKMAK MAH.,CEYLAN SK. NO:16/1,S
ARI GIDA,GÜNGÖREN,GÜNEŞTEPE MAH.,ŞEHİT ÖZCAN CANİK SK. NO:2A,S
BİLGİN GIDA,GÜNGÖREN,SANAYİ MAH.,ASALET CAD.NO:17/B,S
HARMAN GIDA,GÜNGÖREN,GÜNEŞTEPE MAH.,ÖZALP SK.NO:21/GÜNGÖREN,S
HAZNEDAR GIDA,GÜNGÖREN,HAZNEDAR MAH.,TEVFİK FİKRET SOK.NO:28/A,S
KOMŞU DAYI GIDA,GÜNGÖREN,MERKEZ MH,AKIN SK NO NO: 50,S
LATİF GIDA,GÜNGÖREN,HAZNEDAR MAH.,POSTA CAD. LATİF SOK.,S
MALATYALILAR ÇİFTLİĞİ,GÜNGÖREN,GENÇOSMAN MAH.,DOĞANAY SOK. NO:54/2,S
SALİH KART BAYİİ,GÜNGÖREN,GENÇ OSMAN MAH.,ŞEHİT TEĞMEN ALİ YILMAZ SK. NO:8,S
TUĞBA HATİCE DOĞAN BAYİİ,GÜNGÖREN,GENÇ OSMAN MAH.,GEÇİT SOK. NO.16/G,S
YILDIRIM GIDA,GÜNGÖREN,MARAŞAL ÇAKMAK MAH.,İNÖNÜ CAD.NO:155/A,S
YUSUF KESKİN GIDA,GÜNGÖREN,MERKEZ MAH.,ABDİ İPEKÇİ CD NO 2,S
BARBAROS KARAKOL-ZİVERBEY BÜFE,KADIKÖY,ZİVERBEY,FAHRETTİN KERİM GÖKAY CAD.ZİVERBEY OTOBÜS DURAK YANI,B
CEVDET KAT-GÖKAY BÜFE,KADIKÖY,MERDİVENKÖY,FAHRETTİN KERİM GÖKAY CAD.NO.239,B
FAİKA TETİK - BOSTANCI İSKELE,KADIKÖY,BOSTANCI,BOSTANCI SAHİLYOLU İDO İSKELESİ ÖNÜ,B
FATMA GÜLTEKİN-KOZYATAĞI ŞAKACI,KADIKÖY,KOZYATAĞI,BAYAR CAD.ŞAKACI SOK.HİLMİPAŞA SOKAK KESİŞİMİ,B
HASAN YILMAZ-KOZYATAĞI BÜFE,KADIKÖY,KOZYATAĞI,KORKUT SOK.DUMANKAYA SİTE KARŞISI,B
HATİCE ÖZAYDIN - İKBALİYE BÜFE,KADIKÖY,ACIBADEM,ACIBADEM CAD.ACIBADEM POMAK SİT.GİRİŞİ,B
KUDRET CENK FİLİZ-KUYUBAŞI BÜFE,KADIKÖY,FENERYOLU,F.KERİM GÖKAY CAD. NO:99 KUYUBAŞI,B
MEHMET ERKONAK - FİKİRTEPE BÜFE,KADIKÖY,FİKİRTEPE,GÖZCÜ BABA MOLLA SOK.NO.13/7,B
MUSTAFA ÇORUHLU-ŞENESENEVLER BÜFE,KADIKÖY,KOZYATAĞI,ŞEMŞETTİN GÜNALTAY CAD.KAYMAKAM KEMAL ŞANLIER SOKAK KESİŞİMİ,B
ORÇUN UCAL-SAHRAİCEDİD BÜFE,KADIKÖY,SAHRAİCEDİD,ŞEMŞETTİN GÜNALTAY CAD.CAMİİ YANI SAHRAİCEDİD,B
SEBAHAT ATALI-SUADİYE BÜFE,KADIKÖY,KOZYATAĞI,ŞEMŞETTİN GÜNALTAY CAD. ÖĞRETMEN HAYRULLAH DURAĞI YANI,B
SULUBEY ÖZKAN-SALI PAZARI BÜFE,KADIKÖY,,UZUNÇAYIR MEVKİİ SALI PAZARI GİRİŞİ İETT,B
SUNA ARSLAN-KIZILTOPRAK BÜFE,KADIKÖY,ZÜHTÜPAŞA,RECEP PEKER CD - BAĞDAT CD KESİŞİMİ KIZILTOPRAK,B
SÜLEYMAN CENGİZ ÇALATLI-KAZASKER,KADIKÖY,19.05.2020,SİNAN ERCAN CAD.ŞAKACI SOK.KAZASKER CAMİİ KARŞISI,B
ŞABAN ÖZER - SÖĞÜTLÜÇEŞME BÜFE,KADIKÖY,HASANPAŞA MAHALLESİ,SÖĞÜTLÜÇEŞME CADDESİ KATLI OTOPARK YANI,B
ARSEMİA ÇIĞ KÖFTE,KADIKÖY,SAHRAİCEDİT MAH.,SAHRAYICEDİT MAH. MENGÜ SOK NO. 9/1,S
BİR HALK EKMEK,KADIKÖY,ACIBADEM MAH.,ACIBADEM MAH.ACIBADEM CAD. NO.140/E1,S
BİZİM MANAV,KADIKÖY,ERENKÖY MAH.,ERENKÖY TELLİKAVAK SOK. NO8/A,S
DAMAK TADI,KADIKÖY,OSMANAĞA MAH.,OSMANAĞA MAH.HASIRCIBAŞI CAD.,S
EZİNE ÇİFTLİK,KADIKÖY,BOSTANCI MAH.,BOSTANCI MAH. PROF. DR. AKGÜDER CAD. 28.a,S
KESKİN GIDA,KADIKÖY,CAFERAĞA MAH.,CAFERAĞA MAH. ARAYICIBAŞI SOK. NO21,S
RÜZGAR GIDA,KADIKÖY,MERDİVENKÖY MAH.,MERDİVENKÖY MAH.TEKKEALTI SK.NO 4,S
SÖZER GIDA,KADIKÖY,ACIBADEM,ACIBADEM MAH.ŞEMİBEY SOK.11/A,S
ÇELİKTEPE BÜFE (E),KAĞITHANE,Çeliktepe,Çeliktepe Mah. İnönü Cad. Okul Önü Mektep Sk.,B
DEREÜSTÜ BÜFE (E),KAĞITHANE,Seyrantepe,Sancaktepe Mah. Dereüstü Okul Yanı,B
DURAK BAYRAK BÜFE,KAĞITHANE,,HAMİDİYE MAH.HASDAL CAD.OKUL SOK.GİRİŞİ.,B
EKMEK TEKNESİ BÜFE (E),KAĞITHANE,TALATPAŞA MAH.,ASLANGAZİ CAD. NO:1,B
FERMAN BÜFE,KAĞITHANE,,MERKEZ MAH.FERMAN SOK.PARKİÇİ NO:3,B
GÜLTEPE BÜFE (E),KAĞITHANE,Telsizler,Gültepe Mah. Talatpaşa Cad. Belediye Ek Hizmet Binası Yanı,B
HAVUZLAR BÜFE,KAĞITHANE,Hamidiye,Hamidiye Mah. Fatih Sultan Mehmet Cad. No:9,B
SANAYİ 2 BÜFE (E),KAĞITHANE,Sanayi,Sanayi Mah. Atalar Cad. Bozkır Sk.,B
SEYRANTEPE BÜFE,KAĞITHANE,SEYRANTAPA MAH.,İBRAHİM KARAOĞLANOĞLU CAD. METRO GİRİŞİ. Aşkım Sk.,B
YAHYA KEMAL BÜFE (E),KAĞITHANE,Yahya Kemal,Yahya Kemal Mah. Talatpaşa Cad. Muhtarlık Yanı,B
AVCI GIDA (E),KAĞITHANE,TALATPAŞA MAH.,KESKİNGİL CD NO 55/ A,S
AYAN GIDA (E),KAĞITHANE,,ÇAĞLAYAN ESEN SOK. İ.E.T.T.OTOBÜS DURAĞI.,S
AYDEMİR GIDA (E),KAĞITHANE,M.AKİF ERSOY MAH,ETİBANK CAD.NO:62/A,S
AYDIN MARKET,KAĞITHANE,NURTEPE MAH.,ÇİLEKÇİ CAD NO 46/B,S
BIYIKOĞLU GIDA (E),KAĞITHANE,SEYRANTEPE MAH.,ABACI YOKUŞU NARİN SK NO:87,S
DENİZ TİCARET (E),KAĞITHANE,ORTABAYIR MAH.,MEYDAN SK. NO:4 B,S
DİDİN GIDA,KAĞITHANE,MERKEZ MAH,MERKEZ MAH BAHÇE SK NO:33 KAĞITHANE,S
EKREM ÖZTEPE GIDA (E),KAĞITHANE,M.AKİF ERSOY MAH.,CENGİZ TOPEL CAD. EMRE SOK. NO:8,S
GÜLLER GIDA (E),KAĞITHANE,GÜLTEPE MAH,GALATA DERESİ CD KAVAK SK NO 16,S
KARAKAYA GIDA (E),KAĞITHANE,GÜRSEL MAH.,ESKİ BEŞİKTAŞ CAD.NO:1 HZ.ALİ CAMİİ ALT,S
MÜCAHİT GIDA (E),KAĞITHANE,SULTAN SELİM MAH.,CANİK SK. 6 A,S
YİĞİT GIDA (E),KAĞITHANE,ÇAĞLAYAN MH,SİNANPAŞA CD NO:43/3 KAĞITHANE/İSTANBUL,S
YMA GIDA,KAĞITHANE,MERKEZ MAH,ATMACA SK NO 25,S
YÖRESEL PEYNİRCİLİ (E),KAĞITHANE,SANAYİ MAH.,GÜMÜŞHANE CAD. NO : 69 / A KAĞITHANE,S
ASIM ÖZER-ESENTEPE BÜFE,KARTAL,ESENTEPE,ESENTEPE MAH.GÜRSEL CAD.NO.2,B
BERRİN ASLANBAŞ-ÇINAR PARK BÜFE,KARTAL,ORHANTEPE,ORHANTEPE MAH.AKTAŞ SOK. ÇINAR PARK,B
FERUZ AĞBULAK - KARTAL METRO BÜFE,KARTAL,ESENTEPE,E-5 YANYOL ÜZERİ PENDİK İSTİKAMETİ,B
FİDAN KIRMIZIGÜN-UĞURMUMCU MEYDAN,KARTAL,UĞURMUMCU,UĞURMUMCU MAH.ŞEYH ŞAMİL CAD.ALEV,B
GÜLİZAR KİRİŞ - SOĞANLIK METRO BÜFE,KARTAL,SOĞANLIK,E-5 SOĞANLIK YANYOL METRO İSTASYONU ÇIKIŞI,B
HİKMET EFE-ESEN BÜFE,KARTAL,ESENTEPE,ESENTEPE MAH. İNÖNÜ CAD. ESENTEPE TAKSİ DURAK ÖNÜ,B
İHSAN SİNEK-FABRİKA BÜFE,KARTAL,CEVİZLİ,CEVİZLİ MAHALLESİ KARABÜK CAD. NO:29,B
MAYİR UZUNOK-KARTAL MEYDAN BÜFE,KARTAL,KARLIKTEPE,KARTAL MEYDANI YASİN AĞA GEÇİT ÖN KISMI,B
MEHMET ŞERİF YER - GÜMÜŞPINAR,KARTAL,GÜMÜŞPINAR,GÜMÜŞPINAR MAH.FISTIK AĞACI CAD.,B
MEHMET TAVAN-YAKACIK BÜFE,KARTAL,YAKACIK YENİ,YAKACIK ÇARŞI MEYDANI,B
NAGİHAN DUR-SEYRANTEPE BÜFE,KARTAL,SEYRANTEPE,KÖROĞLU CAD.SEYRANTEPE CAMİİ KARŞISI N.52,B
OSMAN YÜKSEL-ÇEŞME BÜFE,KARTAL,YAKACIK YENİ,Y.MAHALLE SAMADIRA CAD.SELMA AKAY İ.Ö.O,B
ÖMER KAHRAMAN-HÜRRİYET MERKEZ,KARTAL,HÜRRİYET,HÜRRİYET MAH.ADNAN KAHVECİ CAD.ABDİ,B
SAİT ÜŞEN-ATALAR BÜFE,KARTAL,ATALAR,ÜSKÜDAR CAD.ATALAR KAVŞAĞI NO.80,B
YASEMİN GÜLERCİ-UĞURMUMCU BÜFE,KARTAL,UĞURMUMCU,AKŞEMŞETTİN CAD.ORTANCA SOKAK GİRİŞİ,B
YUSUF DERYA -SOĞANLIK BÜFE,KARTAL,ORTA,ORTA MAH.ATATÜRK CAD. NO:130,B
ALGUR ZEYTİNCİLİK,KARTAL,PETROL İŞ MAH.,PETROLİŞ MAH.RAHMANLAR CAD.DEMİRLER APT. NO.56/B,S
ASLAN GIDA,KARTAL,SOĞANLIK YENİ,SOĞANLIK YENİ MAH. MİMARSİNAN CAD.NO: 47/B,S
BİZİM ÇİFTLİK ÜRÜNLERİ,KARTAL,TOPSELVİ MAH.,TOPSELVİ MAH.CAMİ SK.NO 28-B,S
CİHAN ÖZEL BÜFE,KARTAL,YENİ MAH.,YENİ MAHALLE ATATÜRK CAD. ESKİ HALK PAZARI NO.1,S
CUYAOĞLU GIDA,KARTAL,ÇAVUŞOĞLU MAH.,ÇAVUŞOĞLU MAH.KÜLTÜR CD.NO 24/A,S
ÇAKIR GIDA,KARTAL,YALI MAH,YALI MAH.UMUR SK.NO 22,S
ÇİÇEK ÖZEL BÜFE,KARTAL,HÜRRİYET MAH.,HÜRRİYET MAH. SİMA SOK NO13/A,S
FIRAT GIDA,KARTAL,GÜMÜŞPINAR MAH.,GÜMÜŞPINAR MAH.İĞDE AĞACI SOK NO.21,S
İSFENDİYAR PİDE,KARTAL,ESENTEPE MAH.,ESENTEPE MAH.SEMT ANAYURT CAD. NO:9/C,S
KIR GIDA,KARTAL,TOPSELVİ MAH.,TOPSELVİ MAH.ŞEHİT AHMET YALÇIN SOK. NO:1/1 KARTAL,S
KIZILAY UNLU MAM.,KARTAL,PETROL İŞ MAH.,PETROLİŞ MAH.KIZILAY CAD.SEMT VİLLA SK.1 B,S
MEYDAN GIDA,KARTAL,KARLIKTEPE,BAŞKOMUTAN CADDESİ NO:1/A,S
PARLAK GIDA,KARTAL,CUMHURİYET MAH.,CUMHURİYET MAH. ADNANKAHVECİ CAD. NO: 40 A,S
700. Yıl,KÜÇÜKÇEKMECE,Halkalı Merkez,Halkalı mh.Evliya Çelebi.cd.700.Yıl İlköğretim Okulu alt köşesi,B
AŞIK VEYSEL BÜFE,KÜÇÜKÇEKMECE,M.AKİF MAH.,KEMAL PAŞA CD MEHMETÇİK SK İLE 10 SK BİRLEŞİMİ,B
ATAKENT 1 BÜFE,KÜÇÜKÇEKMECE,ATAKENT MAH.,ÇİÇEKLİ VADİ CAD. ANAOKULU İETT DURAĞI YANI,B
ATAKENT 2 BÜFE,KÜÇÜKÇEKMECE,ATAKENT MAH,ATATÜRK MAH İKİTELLİ CD,B
AYDIN BÜFE,KÜÇÜKÇEKMECE,İSTASYON MAH,SİTE SK NO 7/7,B
BEREKET BÜFE,KÜÇÜKÇEKMECE,CUMHURIYET MAH,YILDIZ CD. NO:52 YANI,B
Beşyol,KÜÇÜKÇEKMECE,Gültepe,Gültepe mh.reyhan cd.salihli sk.no:11/9,B
BEŞYOL 2 BÜFE,KÜÇÜKÇEKMECE,BEŞYOL,SEFAKÖY BEŞYOL MAH.D100 KARAYOLU YAYA ÜSTGEÇİT ALT,B
Bezirganbahçe Büfe,KÜÇÜKÇEKMECE,İstasyon,BEZİRGAN BAHÇE KONUTLARI SAĞLIK OCAĞI YANI,B
ÇARDAKTEPE BÜFE,KÜÇÜKÇEKMECE,Kemalpaşa,SULTAN MURAT CD OTOBÜS DURAĞI YANI,B
GAZZE BÜFE,KÜÇÜKÇEKMECE,KANARYA MAH.,KARAKOL VE GAZZE CAMİİ YANI,B
GÖL KONUTLARI BÜFE,KÜÇÜKÇEKMECE,İSTASYON MAH.,İSTASYON CAD. GÖL KONUTLARI ÖNÜ,B
GÜLTEPE BÜFE,KÜÇÜKÇEKMECE,Kemalpaşa,bağlar cd.olimpik yuzme havuzu yanı,B
HALKALI 2 BÜFE,KÜÇÜKÇEKMECE,Merkez mah.,kavaklı cad. 213 sok. köşesi,B
Halkalı Merkez,KÜÇÜKÇEKMECE,Halkalı Merkez,Merkez mh. Cumhuriyet cd. Okul yolu sk,B
HAYAT PARK BÜFE,KÜÇÜKÇEKMECE,HALKALI MERKEZ,HALKALI MERKEZ MAH.ESKİ BAĞLAR CAD.HAYAT PARKI GİRİŞİ,B
İKİTELLİ PTT BÜFE,KÜÇÜKÇEKMECE,İkitelli Atatürk,Atatürk mh.ikitelli cd.no:207 İkitelli,B
İnönü 1,KÜÇÜKÇEKMECE,İnönü,İNÖNÜ MAH.MASLAKÇEŞME CAD.NO:84,B
İnönü 2,KÜÇÜKÇEKMECE,İnönü,İnönü mh.Cihan Ulaş Behçet İlköğretim Okulu yanı,B
İSTASYON BÜFE,KÜÇÜKÇEKMECE,İSTASYON MAH.,KÖMÜRCÜYOLU CD EMRE SK KÖŞESİ,B
K.ÇEKMECE METROBÜS BÜFE,KÜÇÜKÇEKMECE,BEŞYOL,KUBİLAY CD K.ÇEKMECE METROBÜS ÜST GEÇİT ALTI,B
KANARYA CAMİ BÜFE,KÜÇÜKÇEKMECE,Kanarya,KANARYA MAH. ZÜMRÜT ANKA SK.NO:14,B
KANARYA KARAKOL BÜFE,KÜÇÜKÇEKMECE,KANARYA.MAH,ŞAHİN.CAD AEI KUŞU.SOK.NO.6,B
Kanarya Ömer,KÜÇÜKÇEKMECE,SÖĞÜTLÜÇEŞME MAH,HUZUR CD,B
KARTALTEPE BÜFE,KÜÇÜKÇEKMECE,Kartaltepe,HAYIRLI CD NO 24,B
KAZIM KARABEKİR BÜFE,KÜÇÜKÇEKMECE,YEŞİLOVA MAH,KIBRIS CD NO 3,B
KÖMÜRCÜYOLU BÜFE,KÜÇÜKÇEKMECE,Söğütlü Çeşme,KÖMÜRCÜYOLU CD SAZLI SK NO 1,B
KULE BÜFE,KÜÇÜKÇEKMECE,CUMHURIYET MAH,ŞEFTALİ SK NO 2,B
Küçükçekmece,KÜÇÜKÇEKMECE,Fatih,Fatih mh.27 mayıs cd.no:2,B
MANOLYA BÜFE,KÜÇÜKÇEKMECE,ATAKENT,ATAKENT MAH.242.SK.ÇETİNSAYA CAMİİ KARŞISI LOUNGE 2 SİTE GİRİŞİ,B
MASLAKÇEŞME 1 BÜFE,KÜÇÜKÇEKMECE,İNÖNÜ MAH.,MASLAKÇEŞME CAD. ŞEHİT ÇAVUŞ K.DEMİREL PARKI KARŞISI,B
MASLAKÇEŞME-2 BÜFE,KÜÇÜKÇEKMECE,İNÖNÜ MAH.,MASLAKÇEŞME CAD.,B
MEHMET AKİF BÜFE,KÜÇÜKÇEKMECE,Mehmet Akif,ENGİN İNCE SK 121 İKİTELLİ CD,B
MENEKŞE BÜFE,KÜÇÜKÇEKMECE,ATAKENT MAH.,4.CADDE 236. SOK. KESİŞİMİ AKASYA SAĞLIK OÇAĞI KÖŞESİ,B
SEFAKÖY BÜFE,KÜÇÜKÇEKMECE,KARTALTEPE MAH,KARADENİZ SK SULTAN MURAT CD NO 10,B
Seyran,KÜÇÜKÇEKMECE,Yeşilova,Yeşilova mh.Deli orman cad.,B
SOYAK BÜFE,KÜÇÜKÇEKMECE,ATAKENT MAH,227 SK.6/1 SOYAK OLİMPİAKENT TAKSİ DURAĞI YANI,B
Söğütlüçeşme,KÜÇÜKÇEKMECE,Söğütlü Çeşme,Söğütlü çeşme mh.Oğuzhan sk.no:78,B
ŞEHİT YILMAZ ÖZDEMİR BÜFE,KÜÇÜKÇEKMECE,ATAKENT MAH,HALKALI TOPLU KONUT 2.ETAP ŞEHİT YILMAZ ÖZDEMİR CD DOĞA KOLEJİ KÖŞESİ,B
TEPEÜSTÜ BÜFE,KÜÇÜKÇEKMECE,Yeni Mahalle,YENİ MAH İNÖNÜ CD T.ÜSTÜ SAĞLIK OÇAĞI YANI,B
TEVFİKBEY 3 BÜFE,KÜÇÜKÇEKMECE,CENNET MAH.,MİMAR SİNAN CAD. İLE HALİDE EDİP SK KÖŞESİNDE,B
Teyfikbey 1,KÜÇÜKÇEKMECE,Tevfik Bey,MUAMMER AKSOY CD.Ş.BİNBAŞI,B
TOKSÖZ,KÜÇÜKÇEKMECE,Yeşilova,Yeşilova mh.barbaros cd.,B
TUNA BÜFE,KÜÇÜKÇEKMECE,HALKALI MER. MAH.,TUNA CD. SULTAN REŞAT İ.Ö.OKULU ÖNÜ,B
Yahya Kemal Büfe,KÜÇÜKÇEKMECE,Cennet,Cennet mh.Yahya Kemal bayatlı cd.ptt arkası,B
Yarımburgaz Büfe,KÜÇÜKÇEKMECE,Yarımburgaz,Yarımburgaz mh.Fatih cd.no:38,B
YEL DEĞİRMENİ BÜFE,KÜÇÜKÇEKMECE,Tevfik Bey,yeldeğirmeni cad.no:39/1,B
YENİLMEZ BÜFE,KÜÇÜKÇEKMECE,HALKALI MRK.MAH.,YENİLMEZ SK. BİLGİ EVİ YANI,B
YEŞİLOVA BÜFE,KÜÇÜKÇEKMECE,YEŞİLOVA MAH.,KAHRAMANLAR CAD.340 ADA,B
Yurtaslan,KÜÇÜKÇEKMECE,Sultan Murat,Kartaltepe mh.hayırlı cd.no:36,B
DEVECİ SATIŞ NOKTASI,KÜÇÜKÇEKMECE,,CENNET MAH. MEVLANA CAD. NO: 3/C,S
DOĞAN 2 GIDA,KÜÇÜKÇEKMECE,KANARYA MAH,PAPAĞAN CD NO 49,S
DOĞUKAN KARDEŞLER,KÜÇÜKÇEKMECE,İNÖNÜ MH,YILDIRAY SK NO 7,S
EMİRSAN MİNİ MARKET,KÜÇÜKÇEKMECE,HALKALI MER.MAH.,1240 SK. NO 1/A,S
GÜNGÖR MARKET,KÜÇÜKÇEKMECE,FATİH MAH.,ALTIN SK. NO 14,S
HUZUR SATIŞ NOKTASI,KÜÇÜKÇEKMECE,,KEMALPAŞA MAH. TURNA SOK. NO:1/1,S
KARDEŞLER MARKET,KÜÇÜKÇEKMECE,TEVFİKBEY MAH.,DR ALİ DEMİR CD.NO 27,S
KEZBAN GIDA,KÜÇÜKÇEKMECE,FEVZİ ÇAKMAK MH.,KENAN SK. NO 16 /A,S
NAZIM NAYIR SAT .NOKT.,KÜÇÜKÇEKMECE,KANARYA MAH,BOZDOĞAN CD GECEKUŞU SK,S
NİMET GIDA,KÜÇÜKÇEKMECE,ATATÜRK MAH,İKİTELLİ CD. NO 197,S
OĞUZ GIDA,KÜÇÜKÇEKMECE,YARIMBURGAZ MH.,CUMHURİYET CD.GARİP SK.NO 2,S
ÖMER MARKET,KÜÇÜKÇEKMECE,SULTAN MURAT MAH,VATAN SK NO 13,S
TİMURLENK GIDA,KÜÇÜKÇEKMECE,YEŞİLOVA MAH,TANSEL CD NO 63,S
TRAKYA GIDA,KÜÇÜKÇEKMECE,SÖĞÜTLÜÇEŞME MH,ATATÜRK CD.NO:1/4,S
VATAN MARKET,KÜÇÜKÇEKMECE,TEVFİKBEY MAH.,KİRAZLI SK. NO:13 SEFAKÖY,S
VİP MARKET,KÜÇÜKÇEKMECE,İNÖNÜ MAH,ALAGEYİK CD. HABİL SK. NO 19,S
YAĞMURCA SATİŞ NOKTASI,KÜÇÜKÇEKMECE,,CUMHURİYET MH AŞIK VEYSEL CD 78/2,S
YILDIZ BAKKALİYE,KÜÇÜKÇEKMECE,SULTAN MURAT MAH,EMSAL SK NO 16,S
ZİLAN GIDA,KÜÇÜKÇEKMECE,KANARYA MAH.,GÜVERCİN CD. NO:32/A K.ÇEKMECE / İST,S
AKİL SATILMIŞ-ALTINTEPE BÜFE,MALTEPE,ALTINTEPE,ALTINTEPE MAH.GALİPBEY CD.PINARLI SK KESİŞİMİ,B
BAYRAM NAMLI - MALTEPE DOĞUŞKENT BÜFE,MALTEPE,GİRNE,GİRNE MAH. DOĞUŞKENT SİT.YANYOL,B
BİLGİN DOĞAN-FINDIKLI MERKEZ BÜFE,MALTEPE,FINDIKLI,FINDIKLI MAH.HANCIOĞLU CAD.MUHTARLIK KARŞISI,B
FİLİZ SEZER-KÜÇÜKYALI BÜFE,MALTEPE,KÜÇÜKYALI,KÜÇÜKYALI MERKEZ TAKSİ DURAĞI YANI,B
GONCA ATMACA-MALTEPE PARK BÜFE,MALTEPE,BAĞLARBAŞI,BAĞLARBAŞI MAH.MİMARSİNAN CAD. MALTEPE MERKEZ CAMİ YANI,B
İFAKAT GÖZÜTOK-MALTEPE KORUMA BÜFE,MALTEPE,FEYZULLAH,CEVİZLİ MAH.FATİH CAD.4501 ADA,B
KIYMET SATICI-ZÜMRÜTEVLER BÜFE,MALTEPE,ZÜMRÜTEVLER,ZÜMRÜTEVLER MAH.NİL CAD.KOÇ SOK,B
MEHMET ALİ YILDIRIM-FİDANLIK BÜFE,MALTEPE,ALTINTEPE,EMİNALİ PAŞA CAD.FİDANLIK İETT DURAĞI NO.1,B
ÖMER SÖZEN-ESENKENT BÜFE,MALTEPE,ESENKENT,ESENKENT MAH.KANİ PAŞA CAD.NO 105,B
A DAN Z YE GIDA,MALTEPE,CEVİZLİ MAH.,CEVİZLİ MAH.KIR SK.NO 21-1,S
ALTUS GIDA,MALTEPE,GÜLENSU,GÜLENSU MAH.ERENLER SOK. NO:59/A,S
AY GIDA,MALTEPE,ZÜMRÜTEVLER,ZÜMRÜTEVLER MAH. BEGONYALIK SOK.NO: 22/2,S
BURAK ECE UNLU MAM.,MALTEPE,ÇINAR MAH.,ÇINAR MAH.YEŞİLTEPE SK. 30 A MALTEPE,S
ELİSA GIDA,MALTEPE,ALTAYÇEŞME MAH.,ALTAYÇEŞME MAH.PALMİYELİ SK. 8-1,S
GÜR GIDA,MALTEPE,MERKEZ MAH.,MERKEZ MAH. MEKTEP CAD. NO.34/B,S
KANGÖZ GIDA,MALTEPE,BAŞİBÜYÜK MAH.,BAŞİBÜYÜK MAH.MERVE SK.NO 2 B MALTEPE,S
TAHİR KİTABEVİ,MALTEPE,BAĞLARBAŞI MAH.,BAĞLARBAŞI MAH. GÜLYOLU SOK. NO.40/1,S
UMUT GIDA,MALTEPE,GÜLSUYU MAH.,GÜLSUYU MAH.FEVZİ ÇAKMAK CD.NO 25-E,S
YÜKSEL GIDA,MALTEPE,ZÜMRÜTEVLER MAH.,ZÜMRÜTEVLER MAH.BAŞARAN SOK.NO: 15/A,S
ABDULMUTTALİP ÖZTÜRK-ESENLER BÜFE,PENDİK,ESENLER,ESENLER MH.YAYALAR CD.YAVUZSELİM CAMİ ÖNÜ,B
DOĞUKAN ÇELİK-KURTKÖY BÜFE,PENDİK,KURTKÖY,KURTKÖY MAH.ANKARA CAD.NO.131,B
DURSUN AYBAKAN-ÇAMÇEŞME BÜFE,PENDİK,ESENLER,ÇAMÇEŞME MAH.RIFAT ILGAZ CADDESİ SİVAS SOKAK KESİŞİMİ,B
EMRAH ALKAŞİ - MANOLYA BÜFE,PENDİK,ÇAMLIK,KURTKÖY-ÇAMLIK MAH. LEYLAK SOK.,B
FATİH MEHMET YILDIRIM-PENDİK TOKİ BÜFE,PENDİK,SÜLÜNTEPE,SÜLÜNTEPE MAH.YUNUS EMRE CAD.ZÜLAL SOK.,B
FİRDEVS ÖZTOSUN-ORHANGAZİ BÜFE,PENDİK,YENİŞEHİR,YENİŞEHİR MH.BAKÜ CAD.ORHANGAZİ İLKOKULU ÖNÜ,B
HAMİ KÜÇÜK - PENDİK MOSTAR BÜFE,PENDİK,DOĞU,AYDINLIYOLU CAD. ERYETİŞ SİTESİ ÖN KISMI,B
HAYDAR KOCAMAZ-BAKİ BÜFE,PENDİK,ORHANGAZİ,ORHANGAZİ MAH. ALPARSLAN TÜRKEŞ CAD. NO:77,B
HAYRETTİN ÇALIŞIR - PENDİK KAYMAKAMLIK,PENDİK,ÇAMÇEŞME,ÇAMÇEŞME MAH. C.GÜRSEL CAD. BÜLBÜL SOK.,B
İHSAN ŞAHİN - LEYLAK BÜFE,PENDİK,DUMLUPINAR,DUMLUPINAR MAH. ATATÜRK CAD. LEYLAK SOK.,B
İRFAN ESKİMEZ-ÜST KAYNARCA BÜFE,PENDİK,FEVZİÇAKMAK,FEVZİ ÇAKMAK MAH. ŞEVKET SABANCI LİSESİ ÖNÜ,B
M.HAKAN ÇİFTER-PLEVNE BÜFE,PENDİK,YENİ,YENİ MAH.PLEVNE CAD. YENİ MAH.OTO. DURAĞI YANI,B
MELDA SAATÇİOĞLU-BOSNA PARKI BÜFE,PENDİK,SAPANBAĞLARI,SAPANBAĞLARI MAH.ŞEHİT MİRALAY CAD. HEYBELİ SOKAK,B
MELEHAT AYDIN-KAVAKPINAR BÜFE,PENDİK,KAVAKPINAR,KAVAKPINAR MAH.CUMHURİYET CAD.TEPE BAŞI CAMİ YANI,B
MERVE BETÜL BUDAK-ESENYALI FATİH BÜFE,PENDİK,ESENYALI,FATİH MAH ÇİMEN SK NO 23,B
MERYEM VARICI-PENDİK LİSE BÜFE,PENDİK,KURTKÖY,KURTKÖY LİSE CD LİSE DURAĞI KARŞISI,B
NİMET UZUNÇAY-BULVAR BÜFE,PENDİK,YENİŞEHİR,EŞREF BİTLİS CAD. İLE DEDEPAŞA CAD. KESİŞİMİ BULVAR GİRİŞİ DURAK YANI,B
NURSEN KARAMAN-ÜÇ EVLER BÜFE,PENDİK,ÇINARDERE,ANKARA CAD. ÜÇ EVLER İETT DURAĞI YANI,B
ŞÜKRAN ARSLAN-ALT KAYNARCA BÜFE,PENDİK,KAYNARCA,KAYNARCA E-5 ÜST GEÇİT ALTI,B
ŞÜKRÜ GÜLDURAN - GÜLLÜBAĞLAR BAĞLAR,PENDİK,GÜLLÜBAĞLAR,GÜLLÜBAĞLAR MH. MUHSİN YAZICI OĞLU CAD. TARIK BUĞRA ANADOLU LİSE KARŞ.,B
TURGAY ŞENTÜRK-CUMHURİYET BÜFE,PENDİK,YENİŞEHİR,YENİŞEHİR MAH.CUMHURİYET BULV.TELEKOM YANI NO:95,B
UFUK COŞKUNSU-ALBAYRAK BÜFE,PENDİK,KAVAKPINAR,KAVAKPINAR MAH.ABDİİPEKÇİ CD.İLE ALBAYRAK CD KESİŞİMİ ÖZGECAN PARK ÖNÜ,B
YILMAZ ÇORUH-GÜZEL YALI BÜFE,PENDİK,GÜZELYALI,ANKARA ASFALTI İSTASYON CD KÖPRÜ GİRİŞİ,B
YUNUS USTA-YAYALAR BÜFE,PENDİK,YAYALAR,YAYALAR MAH.BARBAROS HAYRETTİN PAŞA CD. ARTUKBET İ.Ö.O KARŞISI,B
ZEKİ KOŞ-PİRİ REİS BÜFE,PENDİK,ESENYALI,ESENYALI MAH.ERBAKAN CAD. YALI SOKAK KESİŞİMİ,B
ALTUNDAŞ UNLU MAM.,PENDİK,SÜLÜNTEPE MAH.,SÜLÜNTEPE MAH. MİZAN SK.,S
BOLLUM GIDA,PENDİK,VELİBABA MAH.,VELİBABA MAH. KUMRU SOKAK NO:3,S
ÇELEBİ GIDA,PENDİK,SÜLÜNTEPE MAH.,SÜLÜNTEPE MAH. KARAYAZI SK.NO 4 A,S
ÇINAR MİNİ HAL,PENDİK,BATI MAH.,BATI MAH.SABRI TAŞKIN CD.NO 22,S
DOĞAL SÜT ÜRÜNLERİ,PENDİK,YENİ MAH.,YENİ MAH.YENİ MİTHATPAŞA CD.NO 34,S
IŞIKLAR ÖZEL BÜFE,PENDİK,KAVAKPINAR BÜFE.,KAVAKPINAR MAH.ABDİ İPEKÇİ CD. İHSAN SOK NO.4/A,S
KANDEMİR GIDA,PENDİK,AHMET YESEVİ MAH.,AHMET YESEVİ MAH.İMAMI AZAM CD.NO 29,S
KAZDAL ŞARKÜTERİ,PENDİK,KAYNARCA MAH.,KAYNARCA MAH.AYDINLI YOLU CD.NO 200,S
NAZO GIDA,PENDİK,AHMET YESEVİ,AHMET YESEVİ MAH.HÜRRİYET CAD. TUNCER SOK.NO:6/B,S
ÖZÇAM MARKET,PENDİK,KAYNARCA MAH.,KAYNARCA MAH.BARBAROS CD.NO 16,S
ŞEYHLİ UNLU MAM.,PENDİK,ŞEYHLİ MAH.,ŞEYHLİ MAH.SÜLEYMAN ÇELEBİ CAD.,S
YASİN MARKET,PENDİK,GÜZELYALI MAH.,DOĞU SOKAK NO:20,S
YAVUZ ÖZEL MARKET,PENDİK,ORTA MAH.,ORTA MAH.YILDIZ CAD. NO.4,S
GÜLBEYAZ BAYSAL- Y.DOĞAN VEYSELKARANİ BÜFE,SANCAKTEPE,VEYSEL KARANİ,YUNUS MAH.VEYSEL KARANİ CAD.NO.151,B
HASAN ALİ YILDIZ - ORTADAĞ BÜFE,SANCAKTEPE,FATİH,YAKACIK CAD. ORTADAĞ FATİH MAH.,B
KELEBEK PARK GIDA,SANCAKTEPE,MERVE,MERVE MAH.KÖPRÜ SK.NO: 1,B
NESRİN YILDIZ-SARIGAZİ MERKEZ,SANCAKTEPE,MERKEZ,MERKEZ MAH.NAMIK KEMAL CAD.OKUL SOK.NO.1,B
SABİRE TERCANLI-KEMAL TÜRKLER,SANCAKTEPE,KEMAL TÜRKLER,KEMAL TÜRKLER MAH.ATATÜRK CAD.,B
SAİT TUTTU - ELA BÜFE,SANCAKTEPE,ABDURRAHMANGAZİ,ABDURRAHMANGAZİ MAH. SEMT HORON SOK.,B
SALİH KASAPOĞLU - Y.DOĞAN DÖRTYOL BÜFE,SANCAKTEPE,MERVE,YENİDOĞAN DÖRTYOL IŞIKLAR,B
ÇEÇENLER GIDA,SANCAKTEPE,MEVLANA MAH.,MEVLANA MAH.VEYSEL KARANİ CDNO 29,S
DERECİLER MARKET,SANCAKTEPE,ATATÜRK MAH.,ATATÜRK MAH.UYSAL CAD. NO.53,S
EREN GIDA,SANCAKTEPE,İNÖNÜ MAH.,İNÖNÜ MAH.İSTEK SK.NO 33,S
İPEK GIDA,SANCAKTEPE,VEYSEL KARANİ,VEYSELKARANİ MAH.ŞİMŞEK SK.NO 25,S
KELEBEK PARK GIDA,SANCAKTEPE,MERVE,MERVE MAH.KÖPRÜ SK.NO: 1,S
ORUÇ PASTA,SANCAKTEPE,SARIGAZİ MAH,ATATÜRK CADDESİ NO:106,S
ÖZYILDIRIM GIDA,SANCAKTEPE,EYÜPSULTAN MAH.,EYÜP SULTAN MAH.KIZILAY CD.NO.48,S
TAŞKIN ÖZEL BÜFE,SANCAKTEPE,MECLİS MAH.,MECLİS MAH.SEMT UĞUR SOK. NO.1/A,S
YENİDOĞAN MERKEZ ÖZEL,SANCAKTEPE,YUNUS EMRE MAH.,YUNUS EMRE MAH.BARBOROS CD.NO.3,S
ALÇIN BÜFE,SARIYER,MİTHATPAŞA MAH,AKBABA SK 12/5,B
AYAZAĞA 1 BÜFE,SARIYER,AYAZAĞA MAH,MERKEZ HALK EKMEK BÜFESİ 1,B
Bahçeköy,SARIYER,Bahçeköy Merkez,Bahçeköy Cumhuriyet alanı.Cami sk.No:10,B
Büyükarmutlu,SARIYER,Fatih Sultan Mehmet,"Fatih sultan mh.geçici Büyük Armutlu Mah. Yolu, Cami Yakını",B
Cumhuriyet,SARIYER,Cumhuriyet,Cumhuriyet mh.Araba yolucd Merkez Camii Yanı,B
Derbent,SARIYER,İstinye,Camlıktepe mh.Şen cd.no.23/1,B
Ferahevler,SARIYER,Ferahevler,Ferahevler mh.çelik.çıkmazı sk.no:20/1SARIYER,B
FSM,SARIYER,Fatih Sultan Mehmet,Fatih sultan mehmet mh.Evren paşa cd.No:70,B
İstinye,SARIYER,İstinye,İstinye mh.Çayır cd.Mezarlık yanI,B
Kocataş,SARIYER,Kocataş,Kılıçpınar cd.Cami yanı.,B
Küçükhal,SARIYER,Çayırbaşı,Çayırbaşı Cad. Uzun Fıstık Sk. Girişi,B
Ömürtepe,SARIYER,Tarabya,Kireç burnu araba yolu cd.,B
Ptt Evler Büfe,SARIYER,Ptt Evleri,Ptt evleri yavuz selim cd.cami yanı,B
Reşitpaşa,SARIYER,Reşitpaşa,Reşitpaşa maslak cd.Borsa yanı,B
Sarıyer Merkez,SARIYER,Maden,Sarıyer merkez mh. Otobus sondurağı.,B
Yeniköy Bağlar,SARIYER,Yeniköy,Bağlşar Mevkii Cad. Yunus Sk. girişi,B
ARSMAR GIDA,SARIYER,AYAZAĞA MAH,G/21 SK NO 4/1,S
BARLA GIDA,SARIYER,DERBENT MH.,AKGÜN CD.NO/36,S
ÇAKIR MİNİ MARKET,SARIYER,REŞİTPAŞA MAH.,MUHTAR SOKAK NO:56,S
DEMİRCİKÖY MARKET,SARIYER,DEMİRCİKÖY,DEMİRCİKÖY MAH.DEMİRCİKÖY CAD.NO:33A/SARIYER,S
EMEK SÜPER MARKET,SARIYER,K.KARABEKİR PAŞA,K.KARABEKİRPAŞA MAH EMEK SK NO:10/A,S
GÜMÜŞDERE MARKET,SARIYER,GÜMÜŞDERE MAH.,GÜMÜŞDERE MAH. EĞİTİM SOK. NO:2/A,S
HİLAL FIRAT GIDA,SARIYER,BALTALİMANI MAH,AYDINER SOK NO32,S
HİLAL GIDA,SARIYER,POLİGON MAH.,BAĞLAR CD. NO 20,S
KARAHAN MARKET,SARIYER,DERBENT MAH,ARI SK NO 11,S
KARDEŞLER GIDA,SARIYER,RUMELİ KAVAĞI MAH.,İSKELE CD. NO 9,S
KARYA GIDA,SARIYER,REŞİTPAŞA MH.,KOCATEPE SK.NO:4/A,S
KUZU TİCARET,SARIYER,REŞİTPAŞA MAH.,REŞİTPAŞA CAD TUNCAY ARTUN CAD NO:51 /1,S
MAHALLEM GIDA,SARIYER,KAZIM KARABEKİR PAŞA MAH,KAZIM KARABEKİR PAŞA MAH KAZIM KARABEKİR CAMİ SK NO:45/A,S
ONUR GIDA,SARIYER,POLİGON MAH,POLİGON MAH POLİGON CAD NO:9,S
ÖZMEN KUAFÖR,SARIYER,PINAR MAH,ÇAMLIBEL CD NO 144,S
SÜRMENE GIDA,SARIYER,Bahçeköy Kemer Mah. Şht. Cengiz Topel Cad No:45,Bahçeköy Kemer Mah. Şht. Cengiz Topel Cad No:45,S
ŞAHİN BAKKAL,SARIYER,EMİRGAN MAH,POSTAYOLU CD. NO 85,S
UMUT GIDA,SARIYER,KAZIM KARABEKİR PAŞA MAH.,ÖZ KAVAKLIDERE SK.NO:32/B SARIYER,S
ZENGİNLER GIDA,SARIYER,YEŞİLTEPE MH.,G 1 SK NO 6,S
GÜMÜŞYAKA BÜFE,SİLİVRİ,GÜMÜŞYAKA MAH,DEĞİRMENKÖY İETT DURAĞI YANI,B
SİLİVRİ 1 BÜFE,SİLİVRİ,YENİ MAH.,MÜJDAT GÜRSU CAD. ve SEVCİHAN,B
AYŞE KALYONCU-S.BEYLİ PELİT BÜ,SULTANBEYLİ,ADİL,ADİL MAH.VAHDET CAD.PELİT SOK.,B
HÜSEYİN KÖMÜRCÜ - S.BEYLİ HİLAL,SULTANBEYLİ,NECİP FAZIL,N.FAZIL MAH.YOZGAT CAD.NO.2,B
AKKUM GIDA,SULTANBEYLİ,MEHMET AKİF,MEHMET AKİF MAH.HAYAT CAD. NO:101/1-B,S
AYBASTI GIDA,SULTANBEYLİ,ABDURAHMANGAZİ MAH.,ABDURAHMANGAZİ MAH.KADEM SK.NO 1 A,S
CANBAZ GIDA,SULTANBEYLİ,MECİDİYE MAH.,MECİDİYE MAH.AKARÇAY SK.NO 13A,S
ENES GIDA,SULTANBEYLİ,FATİH MAH.,FATİH MAH.ATEŞ SOK.NO.10,S
ENFA GIDA,SULTANBEYLİ,BATTALGAZİ,BATTALGAZİ MAH. SELÇUKHAN CAD.NO:54,S
İNCİVAN MARKET,SULTANBEYLİ,YAVUZ SELİM MAH.,YAVUZSELİM MAH.TOROS CD.NO 24,S
NAZLI EGE GIDA,SULTANBEYLİ,HAMİDİYE,HAMİDİYE MAH. EYYUBİ CAD.NO:49/A,S
TÜRKMEN 2 GIDA,SULTANBEYLİ,ABDURAHMAN GAZİ MAH.,ABDURRAHMAN GAZİ MAH.LOKMAN HEKİM SK.NO 10,S
TÜRKMEN GIDA,SULTANBEYLİ,AHMET YESEVİ MAH. İHTİBAS SOKAK NO:18,İKTİBAS SOKAK NO:18,S
YILDIZ UNLU MAM.,SULTANBEYLİ,MEHMET AKİF MAH.,MEHMET AKİF MAH.ZİYA ÜLHAK CAD.,S
HABİBLER BEYZA BÜFE,SULTANGAZİ,Esenler Habipler,VEFA POYRAZ CAD. NO: 26,B
50. Yıl 1,SULTANGAZİ,50. Yıl,50 nci Yıl Mh. O cd. Sultangazi,B
50. Yıl 2,SULTANGAZİ,Uğur Mumcu,Uğur Mumcu mh.2115 sk.no:bila,B
50. Yıl 3,SULTANGAZİ,50. Yıl,50 nci Yıl mh.B cd. Sultangazi,B
Cebeci 1,SULTANGAZİ,Cebeci,1. Cebeci Yolu Cad. 2550. Sk. Cebeci Mah.,B
Cebeci 2,SULTANGAZİ,Cebeci,Cebeci Mh.Cebeci Yolu Huzur İETT Durağı yanı,B
Cumhuriyet,SULTANGAZİ,Cumhuriyet,Cumhuriyet mh.Necip Fazıl cd.Çamlık parkı karşısı,B
Esentepe 1,SULTANGAZİ,Esentepe,Esentepe mh.2368 sk.No.66 Sultangazi,B
Esentepe 2,SULTANGAZİ,Esentepe,Esentepe mh.2419 sk.Otobüs son durağı,B
ESENTEPE 3 BÜFE,SULTANGAZİ,ESENTEPE MAH,2396 SOK,B
Evrenli,SULTANGAZİ,Sultan Çiftliği,Ordu cd 18 nci sk köşesi,B
Fabrika,SULTANGAZİ,Esentepe,Esentepe mh.2492 sk.Cebeci İşletme Büfe,B
Gazi 1,SULTANGAZİ,Zübeyde Hanım,Zübeydehanım mh.1293 sk.H hanım cami karşısı,B
Gazi 2,SULTANGAZİ,Gazi,Gazi Mh.1425 sk.No:2,B
GAZİ 3 BÜFE,SULTANGAZİ,GAZİ MAH,İSMETPAŞA CAD.LİSE OTBÜS DURAĞI,B
Gazi 4,SULTANGAZİ,Yunus Emre,Yunus Emre Mh.Adem Yavuz Cd.1407/ 2 kesişimi,B
Gazi 5,SULTANGAZİ,Zübeyde Hanım,Yeşilpınar mh.Özle sk.No:29,B
Gazi Başar,SULTANGAZİ,75. Yıl,75.Yıl Mh.1260 Sk.No:265/5,B
Habibler,SULTANGAZİ,Habipler,Habibler Mh.4/1 cd.Muhtarlık Önü,B
Hamarat,SULTANGAZİ,Cebeci,Cebeci mh. 2496 sk.No: 38,B
İsmetpaşa 1,SULTANGAZİ,İsmet Paşa,İsmetpaşa mh.95 –85 sk kesişimi,B
İsmetpaşa 2,SULTANGAZİ,İsmet Paşa,İsmetpaşa mh. 114 sk.no:38,B
İSMETPAŞA 3 BÜFE,SULTANGAZİ,İSMETPAŞA,ESKİ EDİRNE ASFALTI NO.728,B
Malkoçoğlu,SULTANGAZİ,Malkoçoğlu,Malkoçoğlu mh. Muhtarlık yanı.sk.no:3d:42/3,B
Siteler,SULTANGAZİ,Cumhuriyet,Cumhuriyet Mh.Safahat Cad. Siteler Camii Önü,B
Sultan 1,SULTANGAZİ,İsmet Paşa,CEBECİ MH. ATATÜRK BLV. CAMİİ DURAĞI NO:5,B
SULTAN 2 BÜFE,SULTANGAZİ,SULTANÇİFTLİĞİ,ATATÜRK BULVARI İLE ORDU CADDESİ KESİŞİMİ,B
Uğur Mumcu 1,SULTANGAZİ,Uğur Mumcu,Uğur Mumcu mh.2288 sk. .No:35,B
UĞURMUMCU 2 BÜFE,SULTANGAZİ,Uğur Mumcu,Uğurmumcu mh.Eski Edirne Asvaltı L Cad.,B
UĞURMUMCU 3 BÜFE,SULTANGAZİ,UĞUR MUMCU MAH.,MUHSİN YAZICIOĞLU CAD UĞURMUMCU PARK ÖNÜ,B
Yunus Emre,SULTANGAZİ,Yunus Emre,Gazi Mh.1391 sk.No:47,B
@MARKET,SULTANGAZİ,CEBECİ MAH.,CEBECİ MAH.ÇANAKKALE ŞEHİTLER CAD.2586/2 SK.NO:5/1A,S
BEREKETLİ S.MARKET,SULTANGAZİ,50 YIL,50 YIL MAH 1 CD NO 77/B,S
CEBECİ 3 GIDA,SULTANGAZİ,CEBECİ MH.,Y CD 2512 SK.,S
ÇINAR GIDA,SULTANGAZİ,İSMET PAŞA,İSMET PAŞA MAH 154 SK NO 24,S
ÇİFTLİK GIDA,SULTANGAZİ,75.YIL,75.YIL MAH.1338 SK.NO:16/2,S
DOĞAN GIDA,SULTANGAZİ,,HABİBLER ARABA KONAĞI MEVKİİ,S
DOSTLAR MARKET,SULTANGAZİ,ESENTEPE,ESENTEPE MAH 2416 NO 19,S
DURU MARKET,SULTANGAZİ,HABİBLER YAYLA MAH.,KADER SK. NO 13,S
ER MAR MARKET,SULTANGAZİ,CEBECİ MAH.,ÇANAKKALE ŞHT.77 B,S
ERAY GIDA,SULTANGAZİ,UĞURMUMCU MAH,G CD. NO47,S
ERTEN HALK EKMEK,SULTANGAZİ,SULTANÇİFLİĞİ MAH,170 SK NO 46,S
GÜL MARKET,SULTANGAZİ,UĞUR MUMCU MAH,2119 SK NO 18,S
GÜL MARKET,SULTANGAZİ,UĞUR MUMCU,UĞUR MUMCU MAH 2119 SK NO 18,S
HACIOĞLU MARKET,SULTANGAZİ,50 YIL,50 YIL MAH A CD 93/1,S
KOYUNCULAR GIDA,SULTANGAZİ,GAZİ MAH,1366/1 SK NO 19,S
KÖYMEN GIDA,SULTANGAZİ,ESENTEPE,ESENTEPE MAH 2853 SOK.NO 7,S
KRAL MARKET,SULTANGAZİ,CEBECİ,CEBECİ MH 2464 SK NO 25,S
MELEK MARKET,SULTANGAZİ,50 YIL MAH,C CAD NO 19,S
MELEK MARKET,SULTANGAZİ,,50 YIL MH. A CD NO 4,S
MERCAN GIDA,SULTANGAZİ,ESENTEPE,ESENTEPE MAH.H.AHMET YESEVİ CAD.NO 2/A,S
MURAT MARKET,SULTANGAZİ,50 YIL,50 YIL MAH 2144 SK NO 18,S
NARMAN AMBALAJ GIDA,SULTANGAZİ,50 YIL MAH,50.YIL MAH. D CD 2182 SK NO:25,S
ÖZ FIRAT GIDA,SULTANGAZİ,ESENTEPE MAH,2393 SK NO 10,S
ÖZCAN MARKET,SULTANGAZİ,YUNUS EMRE MAH.,YUNUS EMRE MAH.1385 SK.NO:23,S
ÖZLEM SU,SULTANGAZİ,UĞUR MUMCU MAH.,2321 SK. K:3 45/A SULTANGAZİ,S
PELİT GIDA,SULTANGAZİ,75 YIL MH,1263 SK N0 27,S
POLAT MARKET,SULTANGAZİ,75 YIL MAH,OKUL CD 1351 SK NO 27,S
ŞAHİN MARKET,SULTANGAZİ,ESENTEPE,ESENTEPE MAH 2384 SK NO 28/A,S
ŞİMŞEK GIDA,SULTANGAZİ,YUNUS EMRE MAH.,YUNUS EMRE MH ADEM YAVUZ CD NO : 1 (AŞIK VEYSEL PARKI),S
YAYLA KÖYÜ GIDA,SULTANGAZİ,YAYLA MH.,YAYLA BULVARI NO 95,S
YILDIZ MARKET,SULTANGAZİ,GAZI MAH,1366 SK NO 13,S
BOMONTİ BÜFE,ŞİŞLİ,MERKEZ MAH.,MERKEZ MAH. SIRACEVİZLER CAD. NO:10 ÖNÜ BOMONTİ OTOBÜS DURAĞI YANI,B
FERİKÖY İSKİ BÜFE,ŞİŞLİ,Feriköy,Yay meydanı cad. iski önü,B
HALİDE EDİP ADIVAR BÜFE,ŞİŞLİ,Halide Edip Adıvar,Halide Edip Adıvar caddesi Halide Edip Adıvar ilköğretim okulu önü,B
KARKUYUSU BÜFE,ŞİŞLİ,Kuştepe,mecidiyeköy yolu caddesi Antikacılar park içi,B
MECİDİYEKÖY BÜFE,ŞİŞLİ,Fulya,Mecidiyeköy Meydanı,B
NİLÜFER HATUN BÜFE,ŞİŞLİ,Teşvikiye,şakayık sokak nilüfer hatun ilköğretim okulu önü,B
SSK OKMEYDANI BÜFE,ŞİŞLİ,Kaptanpaşa,darülaceze caddesi ssk okmeydaı hastanesi önü,B
ŞİŞLİ BÜFE,ŞİŞLİ,MERKEZ MAHALLESİ,İSTİKLAL SOKAK K.E.Y. PLAZA KARŞISI,B
CİNDERESİ GIDA,ŞİŞLİ,YAYLA MAH.,CİNDERESİ SOK.İ.E.T.T.DURAK YANI FERİKÖY,S
ELMAS GIDA PAZARI,ŞİŞLİ,MECİDİYEKÖY MAH.,GÜLBAHAR CAD. GÜNGÖR APR.NO:11 D,S
EMREM DOĞAL ÜRÜNLER GIDA,ŞİŞLİ,GÜLBAHAR MAH.,GÜLBAHAR CAD. NO:4-B,S
ERES MARKET,ŞİŞLİ,19 MAYIS MAH.,ÇORUH SK. NO:7 ERES MARKET,S
KAYA MARKET(SEYFETTİN ATA),ŞİŞLİ,KUŞTEPE MAH.,KUŞTEPE MAH. İNÖNÜ CAD. NO.109/A KAYA MARKET,S
KURTULUŞ GIDA,ŞİŞLİ,KURTULUŞ MAH.,SON DURAK İ.E.T.T.KARŞISI.,S
NAS GIDA,ŞİŞLİ,BOZKURT MAH.,SEYMEN SOK. NO:26/A ŞİŞLİ/İSTANBUL ŞİŞLİ/İSTANBUL,S
OKMEYDANI GIDA,ŞİŞLİ,MAHMUT ŞEVKET PAŞA MAH.,FEVZİ ÇAKMAK CAD. NO:7,S
İSMET ECİN - AYDINLI MERKEZ,TUZLA,AYDINLI,AYDINLI MAH. DERSAADET CAD.,B
KEVSER ÖZCAN-İÇMELER BÜFE,TUZLA,İÇMELER,İÇMELER MAH.ANKARA CD.NO 34MERKEZ CAMİ YANI,B
MEHMET ALİ BAYRAK-EMLAK KONUTLARI BÜFE,TUZLA,AYDINLI MAH.ÇAMLIBELDE YOLU CAD. İLE ESRA SOKAK KESİŞİMİ,AYDINLI,B
PINAR BAŞ - ŞİFA KİPTAŞ 2,TUZLA,MİMARSİNAN,MİMARSİNAN MAH. KİPTAŞ 2 KONUTLARI ÖN KISMI,B
SAİM ÖZARSLAN-AYDINLIKÖY TOKİ,TUZLA,AYDINLI,AYDINLI MAH.ÖZÇINAR SOK. SELVİ SOK.,B
DERYA GIDA,TUZLA,YAYLA MAHALLESİ,ŞİNASİ DURAL CADDESİ 62-1,S
NASİBİM MARKET,TUZLA,YAYLA MAH.,YAYLA MAH.ALİİHSANPAŞA CD.NO 28,S
ŞENOL SÜT ÜRÜNLERİ,TUZLA,AYDINTEPE,AYDINTEPE MAH. BATU SK.NO:60,S
TUFAN GIDA,TUZLA,İSTASYON MAH.,İSTASYON MAH.ÇİÇEKÇİLER CD.NO 30 TUZLA,S
YALÇIN MARKET,TUZLA,ŞİFA MAH.,ŞİFA MAH.İNÖNÜ CAD. NO.13/B,S
ADEM YAVUZ BÜFE-FİLİZ YAHŞİ,ÜMRANİYE,Kazım Karabekir,Kazım Karabekir Mahallesi Adem Yavuz Caddesi ve Yeşil Gönen Sokak Kesişimi Yan tarafı,B
ANAFARTALAR BÜFE- MUSTAFA YILDIRIM,ÜMRANİYE,İstiklal,İstiklal Mahallesi Anafartalar Cad. ve Talatpaşa Cad. arası park alanı yanında Anafartalar Caddesi tarafı,B
ASİL BÜFE- SIRRI KARTAL,ÜMRANİYE,Kazım Karabekir,Kazım Karabekir Caddesi Asil Caddesi ve Orta Sokak Kesişimi No:50,B
ASYA BÜFE - ABDULKADİR KAYA,ÜMRANİYE,MEHMET AKİF MAHALLESİ,AZİZ BULVARI ASYA SOKAK KESİŞİMİ,B
BAYRAKTAR BÜFE KENAN YALÇİ,ÜMRANİYE,IHLAMIRKUYU MAHALLESİ,YEŞİLDERE CADDESİ BÜLBÜL SOKAK KESİŞİMİ,B
CEMİL MERİÇ BÜFE- UFUK ASLAN,ÜMRANİYE,PARSELLER MAHALLESİ,ORHANGAZİ CADDESİ İMAM ŞAFİ CAMİ YANI,B
İKBAL BÜFE- CENGİZ DEMİR,ÜMRANİYE,ÇAMLIK MAHALLESİ,ÇAMLIK MAHALLESİ HATBOYU CADDESİ SAĞLIK MEZKEZİ KARŞISI,B
İNKİLAP BÜFE - ADEM YILMAZ,ÜMRANİYE,İNKİLAP MAHALLESİ,HAŞİM İŞCAN SOKAK HÜSEYİN KAPLAN PARKI,B
KARABEKİRSON DURAK-SEVİM BARAN,ÜMRANİYE,KAZIM KARABEKİR,ADEM YAVUZ CD İETT SON DURAĞI,B
KEMERDERE BÜFE - EMEL ŞİT,ÜMRANİYE,Esenşehir,Esenşehir Mahallesi Dilber Sokak Çetinkaya Arkası,B
MADENLER BÜFE NECATİ BALCI,ÜMRANİYE,Esenşehir,Esenşehir Mahallesi Arafat Sokak No:4 Madenler Mevkii Yeşil Kuşak Site önü,B
MARMARA BÜFE - COŞKUN BEYAZ,ÜMRANİYE,Namık Kemal,Marmara Caddesi ve Hat Boyu Caddesi Kesişimi,B
MAVERA BÜFE- HASAN POLAT,ÜMRANİYE,Atatürk,Atatürk Mahallesi Mavera Parkı Karşısı,B
MEHMET YILDIRIM -VATAN BÜFE,ÜMRANİYE,İnkılap,Inkılap Mahallesi Fevzi Paşa Cad. ve Vatan Cad. Kesişimi Tedaş Trafo Yanı,B
PARSELLER BÜFE- SELMA SİDAR,ÜMRANİYE,PARSELLER MAHALLESİ,PARSELLER MAHALLESİ FİLİZ SOKAK GİRİŞİ,B
SEVGİ PARKI HALİDE VAROL,ÜMRANİYE,Çakmak MAHALLESİ,İkbal Caddesi Girişi Sevgi Park Yanı,B
SİTE BÜFE - AHMET GÖZLEMECİ,ÜMRANİYE,İNKİLAP MAHALLESİ,İnkılap Mahallesi Alemdağ Caddesi Çakmak Site Durağı,B
SULTAN BÜFE- MÜRVET DENİZ,ÜMRANİYE,Atatürk,Atatürk Mahallesi Fatih Sultan Mehmet Caddesi Bıldırcın Sokak Karşısı Telefon Kulübeleri Yanı,B
TALATPAŞA BÜFE- ANIL EDİŞ,ÜMRANİYE,Namık Kemal,Akşemsettin Sokak ve Talatpaşa Caddesi Kesişimi,B
TANZİM BÜFE- BURHANETTİN PEKGÖZ,ÜMRANİYE,Atatürk,Atatürk Mahallesi Çavuşbaşı Caddesi Yıldız Sokak Karşısı,B
TATLISU BÜFE -EMİNE VAN,ÜMRANİYE,Yukarı Dudullu,Yukarı Dudullu Mahallesi Acısu Caddesi Hazar Sokak Karşısı,B
TAVUKCUYOLU-PERİHAN ÖKSÜZ,ÜMRANİYE,Yukarı Dudullu,Yukarı Dudullu Mahallesi Doğanevler Caddesi,B
TURHAN ULUDEMİRCİLER-IHLAMURKUYU,ÜMRANİYE,IHLAMURKUYU,CEMİL MERİÇ MAH.CEMİL MERİÇ KÜLTÜR,B
UHUT BÜFE- MEHMET ERDEN,ÜMRANİYE,Ihlamurkuyu,Ihlamurkuyu Mahallesi Petrol Yolu Cad. Merkez Cami Önü,B
YILDIRIM BEYAZIT BÜFE- KEZİBAN ÇAKI,ÜMRANİYE,Aşağı Dudullu,Hasan Hüseyin Cami Yanı Cami Sokak Köşesi,B
YILDIZ KARAGÖZ- ÜMRANİYE MERKE,ÜMRANİYE,,ALEMDAĞ CAD. SONDURAK,B
ZEYNEP ŞİMŞEK-ACISU,ÜMRANİYE,Yukarı Dudullu,Acısu Caddesi Evren Sokak Köşesi Muhtarlık Karşısı,B
ALKAN GIDA,ÜMRANİYE,ÇAKMAK MAH.,ÇAKMAK HAH. NEYZEN TEYFİK SOK. NO.10/A,S
BARIŞ GIDA,ÜMRANİYE,İNKILAP,İNKILAP MAH. GÜLÜM SOK.NO: 12/2,S
FIRAT ET GIDA,ÜMRANİYE,İSTİKLALMAH.,İSTİKLAL MAH. KİRAZ SOK NO.16/A,S
GÜNEŞ ÖZEL BÜFE,ÜMRANİYE,SİTE MAH.,SİTE MAH. 3008 CAD. NO :2/A,S
KAMALIOĞLU MARKET,ÜMRANİYE,İNKİLAP MAH.,İNKİLAP MAH.SEYİTONBAŞI SK.NO 21,S
KÜÇÜKSU ÖZEL BÜFE,ÜMRANİYE,HEKİMBAŞI MAH.,HEKİM BAŞI MAH.KÜÇÜKSU CAD.KÖŞK DURAĞİ ARKASI,S
AHMET ÜLGEN-ÜSKÜDAR MEYDAN BÜFE,ÜSKÜDAR,SULTANTEPE,ÜSKÜDAR DEMOKRASİ MEYDANI MİHRİMAH SULTAN CAMİ ÖNÜ,B
ALİ KAZIM BAYRAKTAR-BULGURLU BÜFE,ÜSKÜDAR,BULGURLU,BULGURLU MAH.SÖĞÜTLÜ ÇAYIR CAD.SÖĞÜTLÜ,B
CİLVE KARADAĞ-EMNİYET BÜFE,ÜSKÜDAR,EMNİYET,EMNİYET MAH.F.SULTAN MEHMET CAD.SAĞLIK,B
DİLEK KILIÇ-KİRAZLI TEPE BÜFE,ÜSKÜDAR,KÜPLÜCE,NATAYOLU PINAR SOK.NO.90,B
GÜLAY TOPALOĞLU-BAHÇELİEVLER BÜFE,ÜSKÜDAR,BAHÇELİEVLER,BAHÇELİEVLER MAH.SULTANMURAT CAD.,B
HIZIR YÜKSEL - ALTUNİZADE BÜFE,ÜSKÜDAR,ALTUNİZADE,METROBÜS DURAĞI ALTUNİZADE,B
HÜLYA KESELİOĞLU-EĞİTİM BÜFE,ÜSKÜDAR,MURAT REİS,GAZİ CAD.NO.21,B
İLHAN AKSU-ÇİÇEKÇİ BÜFE,ÜSKÜDAR,ZEYNEP KAMİL,NUH KUYUSU CAD.KARACAAHMET DUVAR DİBİ,B
KEZİBAN MENTEŞ-GÜZELTEPE BÜFE,ÜSKÜDAR,FERAH,FERAH MAH.FERAH CAD.SON DURAK,B
KEZİBAN ÖZCAN KESKİN-NUROL BÜFE,ÜSKÜDAR,CUMHURİYET,CUMHURİYET MAH.KARLIDERE CAD. İLE,B
MEHMET ŞERİF ALKAN-ÜNALAN MERKEZ,ÜSKÜDAR,ÜNALAN,BARAJYOLU CAD.LALE SOK.KAVŞAĞI,B
MUSTAFA DÖNMEZ-TARİH BÜFE,ÜSKÜDAR,YAVUZTÜRK,YAVUZTÜRK M. KARADENİZ C. NO:147/1,B
MÜNÜR TEK-RASATHANE BÜFE,ÜSKÜDAR,KÜÇÜKSU,KÜÇÜKSU MAH.RASATHANE CD İLE ALPARSLAN SK.KESİŞİMİ,B
NECDET YILDIRIM-CUMA PAZARI BÜFE,ÜSKÜDAR,AHMEDİYE,YENİ TOPTAŞI CAD.H.RÜŞTÜ,B
OSMAN BİLGİN-ÇENGELKÖY İTFAİYE,ÜSKÜDAR,BAHÇELİEVLER,GÜZELTEPE MAH.BASIN BULVARI İTFAİYE,B
PEHLİVAN GÜR-HEKİMBAŞI ÇİFTLİK,ÜSKÜDAR,KÜÇÜKSU,KÜÇÜKSU MAH.HEKİMBAŞI ÇİFTLİK CAD. BAHÇELİ EVLER DURAK YANI,B
RAKİP SARICAN-ÇENGELKÖY BÜFE,ÜSKÜDAR,ÇENGELKÖY,HALK CAD. HÜSAMETTİN ERTÜRK SOK.GİRİŞİ,B
RIDVAN DEMİR-FERAH BÜFE,ÜSKÜDAR,KISIKLI,ÜSKÜDAR KISIKLI MAH. MUHTARLIK ÖNÜ,B
SEYFİTTİN KARADAĞ - YAVUZTÜRK,ÜSKÜDAR,,YAVUZTÜRK M. KARADENİZ C. NO:147/1,B
ŞEHRİ TABAK-ÜNALAN METRO,ÜSKÜDAR,ÜNALAN,ÜNALAN MAH.ÜNALAN METRO 5 NOLU GİRİŞ,B
AKANSU GIDA,ÜSKÜDAR,BULGURLU MAHALLESİ,BAĞLAR İÇİ SOKAK NO 11-6,S
CENGİZ UNLU MAM.,ÜSKÜDAR,VALİDE İ ATİK MAH,VALİDE İ ATİK MAH.KARTALBABA CD.OZYEĞİN AP.110-3,S
ÇAĞLAYAN GIDA,ÜSKÜDAR,ÜNALAN MAH.,ÜNALAN MAH.ÇAĞLAYAN SK.NO 4 B,S
ÇİÇEK UNLU MAM.,ÜSKÜDAR,KÜPLÜCE MAH.,HATTAT HASAN ÇELEBİ CAD.,S
ÇİNİLİ ÖZEL BÜFE,ÜSKÜDAR,VALİDEİ ATİK MAH.,ÇAVUŞDERE CAD.ODALAR ÇIKMAZI ÇİNİLİ CAMİİ KARŞIŞI,S
ERDEM ÖZEL BÜFE,ÜSKÜDAR,ACİBADEM MAH.,ACİBADEM MAH.ERDEM ÇİKMAZI SOK.PARK GİRİŞİ,S
FAKÜLTE ÖZEL BÜFE,ÜSKÜDAR,BARBAROS MAH.,MÜTEVEELİ ÇEŞME SOK. NO.2,S
İSTİKRAR ÖZEL BÜFE,ÜSKÜDAR,MEHMET AKİF ERSOY MAH,MEHMET AKİF ERSOY MAH.HASİPPAŞA CAD. NO.60./1,S
KARADAĞLAR MARKET,ÜSKÜDAR,KÜÇÜKSU MAH.,RASATHANE CAD. NO.18,S
KAYNAK UNLU MAM.,ÜSKÜDAR,KÜPLÜCE MAH.,KÜPLÜCE MAH.MEHMET AFA C. NO:60/A,S
MELTEM GIDA,ÜSKÜDAR,YAVUZTÜRK MAH.,YAVUZTÜRK MAH.KARADENİZ CD.NO 10,S
SULTAN MURAT GIDA,ÜSKÜDAR,BAHÇELİEVLER MAH.,BAHÇELİEVLER MAH. MIZRAK SOKAK NO:3,S
DÖNMEZ BÜFE,ZEYTİNBURNU,Merkez Efendi,Merkezefendi Mah. Çiftlik Yolu G-62 Sk.,B
GÖKALP BÜFE,ZEYTİNBURNU,Gökalp,Gökalp Mah. Mektep Önü Sk.,B
KUBBELİ BÜFE,ZEYTİNBURNU,Nuripaşa,Nuripaşa Mah. 65. Sk No:64,B
MODABAĞ BÜFE,ZEYTİNBURNU,Çırpıcı,Çırpıcı Mah. Rüstem Balkan Sk. No:45,B
NURİPAŞA 1 BÜFE,ZEYTİNBURNU,Nuripaşa,Nuripaşa Mah. 65/2 Sk.,B
SAMET BÜFE,ZEYTİNBURNU,Beştelsiz,Beştelsiz Mah. 114-1 Sk.,B
SEYİTNİZAM 1 BÜFE,ZEYTİNBURNU,Seyitnizam,Seyitnizam Mah. G 38. Sk.,B
TELSİZ 1 BÜFE,ZEYTİNBURNU,Telsiz,Telsiz Mah. Nergis Sk. Park İçi,B
TELSİZ 2 BÜFE,ZEYTİNBURNU,TELSİZ MAH.,80/2 SOK.,B
TÜRKİSTAN BÜFE,ZEYTİNBURNU,Nuripaşa,Nuripaşa Mah. 29/2 Sk. ve 62/4 Sk Köşesi,B
AKSAL GIDA,ZEYTİNBURNU,VELİEFENDİ MAH.,75.SOK.NO:21/B,S
ELMASIM GIDA,ZEYTİNBURNU,SÜMER MAH.,ÇİÇEK SOK.NO:6D.NO:2,S
İSTANBUL MARKET,ZEYTİNBURNU,VELİEFENDİ MAH.,SEMT SAHA YOLU SOK.24/A,S
KARADENİZ GIDA,ZEYTİNBURNU,VELİEFENDİ MAH.,75/2 SOK.NO:86,S
SADETTİN DİLDAR GIDA,ZEYTİNBURNU,TELSİZ MAH.,85/5 SK. NO: 19 A,S
SAKARYA GIDA,ZEYTİNBURNU,VELİEFENDİ MAH.,YENİ KARAKOL SOK. NO : 2 / A,S
SELÇUK KÖSE GIDA,ZEYTİNBURNU,NURİPAŞA MAH.,63.SOK.NO:27,S
SEYİT NİZAM GIDA,ZEYTİNBURNU,SEYİT NİZAM MAH.,MEVLANA CAD.NO:10,S
SÜLEYMAN KOÇ GIDA,ZEYTİNBURNU,YEŞİLTEPE MAH.,53/1 SOK.NO:24,S
YILDIRIM GIDA,ZEYTİNBURNU,SÜMER MAH.,56 SOK.NO.77/2,S
YUSUF TUNÇ GIDA,ZEYTİNBURNU,,85. SK ÇARŞI CAMİİ TELSİZ,S
